-- MySQL dump 10.13  Distrib 8.0.46, for Linux (x86_64)
--
-- Host: localhost    Database: hospitals
-- ------------------------------------------------------
-- Server version	8.0.46-0ubuntu0.22.04.2

/*!40101 SET @OLD_CHARACTER_SET_CLIENT=@@CHARACTER_SET_CLIENT */;
/*!40101 SET @OLD_CHARACTER_SET_RESULTS=@@CHARACTER_SET_RESULTS */;
/*!40101 SET @OLD_COLLATION_CONNECTION=@@COLLATION_CONNECTION */;
/*!50503 SET NAMES utf8mb4 */;
/*!40103 SET @OLD_TIME_ZONE=@@TIME_ZONE */;
/*!40103 SET TIME_ZONE='+00:00' */;
/*!40014 SET @OLD_UNIQUE_CHECKS=@@UNIQUE_CHECKS, UNIQUE_CHECKS=0 */;
/*!40014 SET @OLD_FOREIGN_KEY_CHECKS=@@FOREIGN_KEY_CHECKS, FOREIGN_KEY_CHECKS=0 */;
/*!40101 SET @OLD_SQL_MODE=@@SQL_MODE, SQL_MODE='NO_AUTO_VALUE_ON_ZERO' */;
/*!40111 SET @OLD_SQL_NOTES=@@SQL_NOTES, SQL_NOTES=0 */;

--
-- Table structure for table `doctors`
--

DROP TABLE IF EXISTS `doctors`;
/*!40101 SET @saved_cs_client     = @@character_set_client */;
/*!50503 SET character_set_client = utf8mb4 */;
CREATE TABLE `doctors` (
  `doctors_id` int NOT NULL,
  `name` varchar(150) NOT NULL,
  `date_of_birth` date NOT NULL,
  `address` varchar(150) NOT NULL,
  `role` varchar(150) NOT NULL,
  `hospital_id` varchar(150) NOT NULL,
  PRIMARY KEY (`doctors_id`)
) ENGINE=InnoDB DEFAULT CHARSET=utf8mb4 COLLATE=utf8mb4_0900_ai_ci;
/*!40101 SET character_set_client = @saved_cs_client */;

--
-- Dumping data for table `doctors`
--

LOCK TABLES `doctors` WRITE;
/*!40000 ALTER TABLE `doctors` DISABLE KEYS */;
INSERT INTO `doctors` VALUES (1,'Dr. Joshua Wright','1971-10-11','291 Davis Drives Lake Sueside, MI 33513','Doctor','22'),(2,'Dr. Ashley Hooper','1991-12-19','34614 Trevino Camp Andrewside, VT 84933','Doctor','23'),(3,'Dr. Michael Robinson','1968-09-24','12118 Fields Skyway Suite 213 West Carolynport, RI 59587','Doctor','2'),(4,'Dr. Brittany Zuniga','1970-09-11','16577 Martinez Estate Jennifershire, IL 24006','Doctor','7'),(5,'Dr. Lisa Gonzalez','1971-08-28','555 Torres Loop Reynoldsstad, SD 73282','Doctor','30'),(6,'Dr. Sarah Wolf','1978-08-29','876 Roman Crossing Suite 290 East Connie, NH 60292','Doctor','6'),(7,'Dr. Lisa Sheppard','1985-12-07','1188 Thomas Orchard Davisburgh, HI 53529','Doctor','25'),(8,'Dr. Tanner Reynolds','1967-04-21','54768 Richard Forges Roachfurt, SD 28228','Doctor','1'),(9,'Dr. Jerry Keller','1960-12-03','4616 Rachel Streets Angelahaven, ID 86133','Doctor','20'),(10,'Dr. Scott Hopkins','1971-01-31','034 Jacob Cape Lake Coreyport, CT 03360','Doctor','21'),(11,'Dr. Angela Key','1980-10-21','043 Robinson Underpass Marcusmouth, SD 90074','Doctor','19'),(12,'Dr. Corey Garcia','1964-10-15','015 David Neck New Katieville, PA 22149','Doctor','19'),(13,'Dr. Joseph Lee','1975-09-03','55687 Stefanie Inlet Jordanburgh, OR 64023','Doctor','31'),(14,'Dr. Blake Johnson','1968-04-11','628 Matthew Fall Port Melissastad, MD 23280','Doctor','13'),(15,'Dr. Michael Johnson','1984-04-09','USS Watson FPO AA 82825','Doctor','20'),(16,'Dr. Tiffany Gomez','1985-12-01','2493 Melanie Squares Apt. 129 Masonfort, AR 28539','Doctor','18'),(17,'Dr. Kimberly Wilson','1991-07-02','73292 Adrian Mall Kevinmouth, WI 67991','Doctor','26'),(18,'Dr. Kathryn Ray','1960-12-30','568 Ricky Vista Apt. 449 Michaelville, NM 77958','Doctor','11'),(19,'Dr. Taylor Sanchez','1969-02-16','94380 Richard Isle Apt. 359 Lake Brittanyland, IA 45857','Doctor','6'),(20,'Dr. Noah Miller','1968-08-18','90569 Moore Expressway Apt. 529 South James, PA 55545','Doctor','3'),(21,'Dr. Sandra Saunders','1982-02-10','899 Kathleen Plaza Jamesmouth, IL 71611','Doctor','2'),(22,'Dr. Zachary Ellis','1981-02-24','999 Jill Pine Apt. 761 Janetside, MI 01766','Doctor','40'),(23,'Dr. Barbara Valenzuela','1978-10-16','384 House Knolls Suite 376 Ronaldborough, TN 68475','Doctor','27'),(24,'Dr. Carl Jones','1990-09-18','22790 Mendez Parks North Thomasville, CO 88707','Doctor','34'),(25,'Dr. Kyle Peters','1963-08-01','72116 Campbell Creek North Jerry, MI 58092','Doctor','36'),(26,'Dr. Cynthia Hanson','1984-10-13','88144 Burton Brooks Apt. 549 Christopherberg, ND 93870','Doctor','20'),(27,'Dr. Mary Lopez','1983-03-21','77074 Mcconnell Flats Suite 646 East Guyburgh, VA 82300','Doctor','40'),(28,'Dr. Jacqueline Fox','1968-09-10','335 Mary Lodge Jonesville, WA 75800','Doctor','6'),(29,'Dr. Alvin Nelson','1966-11-02','96916 Steven Burg Apt. 596 Tiffanyshire, AR 79273','Doctor','1'),(30,'Dr. Lindsay Hamilton','1976-08-26','265 Glen Rapid Lake Gordon, LA 49453','Doctor','26'),(31,'Dr. Kimberly Weber','1990-04-01','394 Short Parks Suite 905 Lake Janebury, NH 02937','Doctor','2'),(32,'Dr. Taylor Bishop','1969-04-17','9852 Kyle Camp Suite 299 Carolineport, OH 45618','Doctor','12'),(33,'Dr. Mary Miller','1980-04-30','2261 Rodriguez Lock Apt. 630 Lake Amberchester, NM 35074','Doctor','5'),(34,'Dr. Katherine Rojas','1994-01-11','53572 John Haven Richardsonville, OK 76709','Doctor','39'),(35,'Dr. Jeff Turner','1985-11-06','USCGC Parker FPO AP 45087','Doctor','24'),(36,'Dr. Jennifer Peterson DVM','1974-04-01','588 Rebecca Club Apt. 910 West Austin, NE 81657','Doctor','34'),(37,'Dr. Brian Brown','1967-07-29','52948 Amy Cape Suite 146 Fergusontown, ID 01774','Doctor','38'),(38,'Dr. Mark Martin','1968-11-24','29165 Nelson Turnpike West Christine, DE 83065','Doctor','21'),(39,'Dr. Bradley Smith','1963-07-18','7910 Cook Freeway Apt. 722 Mayotown, PA 82015','Doctor','15'),(40,'Dr. Corey Espinoza','1962-04-23','658 Danielle Square Alyssamouth, DC 87643','Doctor','24'),(41,'Dr. Brooke Skinner','1968-08-25','5044 Williams Island Ashleyton, IN 53838','Doctor','33'),(42,'Dr. Nathaniel Meyer','1978-01-20','852 Jeanette Overpass West Christinefurt, NY 34039','Doctor','40'),(43,'Dr. Margaret Alexander','1970-12-10','USNS Campbell FPO AA 52174','Doctor','37'),(44,'Dr. Sharon Cohen','1984-05-14','USCGC Rodriguez FPO AP 27853','Doctor','4'),(45,'Dr. Calvin Howell','1983-01-27','USS Martin FPO AP 72819','Doctor','23'),(46,'Dr. Victoria Collins','1983-10-25','735 Ethan Lodge Suite 240 Valdezborough, KY 30811','Doctor','26'),(47,'Dr. Erica Holloway','1963-06-13','0132 James Keys Suite 932 North Adrianaton, UT 64490','Doctor','23'),(48,'Dr. Keith Stewart','1989-10-22','USNS West FPO AE 02522','Doctor','35'),(49,'Dr. Lauren Deleon','1960-03-07','324 Neal Wells Apt. 964 Wangside, IA 51484','Doctor','29'),(50,'Dr. Dwayne Sosa','1959-08-08','9868 Michael Ranch Port Allison, WY 29936','Doctor','15'),(51,'Dr. Jody Meadows','1986-05-20','653 Dennis Terrace Suite 801 New Nicholas, GA 53396','Doctor','16'),(52,'Dr. James Yang','1974-08-31','2116 Ferguson Motorway Apt. 653 New Jamesberg, OH 18934','Doctor','29'),(53,'Dr. Suzanne Hodges','1965-09-16','870 Kaitlin Flat North Stephen, CT 47834','Doctor','30'),(54,'Dr. Kayla Aguilar','1989-10-30','510 Thompson Points Port Hannah, TX 50857','Doctor','25'),(55,'Dr. John Simon','1969-02-11','066 Ibarra Freeway Crystalside, ID 72530','Doctor','4'),(56,'Dr. Tonya Fletcher DDS','1982-05-31','001 Jamie Haven Apt. 830 Weberton, GA 88082','Doctor','3'),(57,'Dr. Nicole Walsh','1977-08-10','8971 Brown Island Suite 066 Sotofurt, AZ 13503','Doctor','10'),(58,'Dr. Maria Shah','1987-03-16','828 West Way Audreyshire, AL 00762','Doctor','13'),(59,'Dr. Devin Cox','1971-01-28','509 Andrea Lights Apt. 811 Sotoborough, NJ 24799','Doctor','25'),(60,'Dr. Lori Osborne','1991-03-14','PSC 0376, Box 2591 APO AP 15885','Doctor','27'),(61,'Dr. Destiny Salinas','1964-03-22','74425 Julie Plaza Apt. 882 Port Aaronshire, MN 21576','Doctor','17'),(62,'Dr. Richard Martin','1991-03-10','65275 Melton Road East Christian, MI 40647','Doctor','38'),(63,'Dr. Jamie Brooks','1974-07-04','4832 Underwood Parkway Apt. 208 Dianamouth, VA 44119','Doctor','33'),(64,'Dr. Dana Brown','1990-06-15','8810 Jones Unions Ericland, MT 26073','Doctor','28'),(65,'Dr. Haley Long','1960-11-28','985 Perez Rapids Suite 695 Port Barbaramouth, WA 90043','Doctor','23'),(66,'Dr. Jennifer Day','1972-11-26','USNV Hamilton FPO AP 31601','Doctor','13'),(67,'Dr. Shirley Willis','1991-05-06','9882 Williams Forge South Roberto, RI 33587','Doctor','30'),(68,'Dr. Hannah Sullivan','1990-06-26','6917 Weber Pike Apt. 349 Lake Colleenton, MD 94563','Doctor','5'),(69,'Dr. Michael Horton','1962-10-22','263 Stephen Stravenue Suite 460 North Eric, NH 26218','Doctor','10'),(70,'Dr. Cody Mason','1974-02-05','PSC 7491, Box 9858 APO AE 48980','Doctor','38'),(71,'Dr. Kaitlyn Fowler','1969-01-02','743 Nash Knoll Port Daniel, MO 71334','Doctor','3'),(72,'Dr. Kimberly Sims','1992-05-12','62631 Jones Forest North Mollyshire, DE 24897','Doctor','17'),(73,'Dr. Regina Ryan','1978-02-21','918 Ray Knoll Barbaraville, CO 85908','Doctor','11'),(74,'Dr. William Walter','1963-12-27','12637 Norris Mountain Apt. 038 Denisetown, TX 34198','Doctor','29'),(75,'Dr. Jacob Hardy','1965-06-27','93931 Crystal Cliff Apt. 289 North Cherylstad, AK 07452','Doctor','34'),(76,'Dr. Ashley Chen','1980-12-03','416 Scott Orchard Theodorehaven, AZ 82904','Doctor','29'),(77,'Dr. Mackenzie Moore','1981-10-13','8207 Lori Plains Hansenland, OR 06898','Doctor','28'),(78,'Dr. Amy Crawford','1968-11-27','3770 Joe Summit North Brianberg, OR 59267','Doctor','39'),(79,'Dr. Ashley Woods','1984-09-12','702 Stacey Harbor New Anthonymouth, MD 89762','Doctor','18'),(80,'Dr. Edward Harrington','1973-08-10','30102 Tammy Neck Apt. 708 Jenniferborough, KY 94249','Doctor','34'),(81,'Dr. Melissa Moss','1968-10-14','411 Stephen Cape Apt. 768 Lake Richardmouth, LA 39603','Doctor','17'),(82,'Dr. Jonathan Aguirre','1975-09-28','55852 Rebecca Place Apt. 469 Lorishire, OR 39345','Doctor','13'),(83,'Dr. James Cross','1989-06-11','4576 Thompson Rest Apt. 617 West Lisa, IN 33033','Doctor','7'),(84,'Dr. Shawn Baker','1990-12-17','1229 Jennifer Way Colemanborough, AZ 38949','Doctor','17'),(85,'Dr. John Brown','1973-12-28','USNS Hamilton FPO AA 52099','Doctor','26'),(86,'Dr. Alison Adams','1991-07-08','66687 Shannon Crescent Lake Abigailton, MN 14507','Doctor','34'),(87,'Dr. Elizabeth Gonzalez','1962-07-18','33913 Brennan Loop Suite 685 Port Danielletown, CT 63129','Doctor','13'),(88,'Dr. Carly Moyer','1975-05-06','3695 David Row Suite 891 New Valerieberg, DC 85401','Doctor','11'),(89,'Dr. Kyle Mckenzie','1975-12-13','PSC 4067, Box 4168 APO AE 78620','Doctor','19'),(90,'Dr. Brandon Brooks','1976-04-27','29343 Tate Passage West Brianchester, CT 51028','Doctor','29'),(91,'Dr. Mark Craig','1968-09-22','623 Mitchell Harbors Apt. 053 Matthewsstad, OK 91551','Doctor','34'),(92,'Dr. Robin Shaw','1992-04-25','6964 Reynolds Lakes Apt. 746 Lake Josephborough, IN 05933','Doctor','24'),(93,'Dr. Rachel Clements','1994-02-12','4335 Anderson Vista East Eric, LA 73792','Doctor','37'),(94,'Dr. Charles Young','1985-02-15','7918 Joel Motorway East Lisa, IL 40631','Doctor','31'),(95,'Dr. Cindy Pugh','1989-08-23','9327 Jennifer Centers Suite 291 West Mary, GA 68377','Doctor','7'),(96,'Dr. Shaun Morrison','1980-04-06','96138 Reid Lane Suite 380 South Kristyside, SD 49157','Doctor','23'),(97,'Dr. Jordan Cruz','1981-01-30','456 Sullivan Spur Kennethville, TX 17742','Doctor','20'),(98,'Dr. Christian Lewis','1967-02-17','164 Allen Station Apt. 389 Lake Jose, CO 24524','Doctor','1'),(99,'Dr. Scott Reynolds','1969-08-21','70926 Elizabeth Loop West Amanda, TN 46308','Doctor','11'),(100,'Dr. Randy Navarro','1969-04-03','08980 Doyle Falls Scottburgh, NJ 91258','Doctor','31');
/*!40000 ALTER TABLE `doctors` ENABLE KEYS */;
UNLOCK TABLES;

--
-- Table structure for table `hospitals`
--

DROP TABLE IF EXISTS `hospitals`;
/*!40101 SET @saved_cs_client     = @@character_set_client */;
/*!50503 SET character_set_client = utf8mb4 */;
CREATE TABLE `hospitals` (
  `hospital_id` int unsigned NOT NULL AUTO_INCREMENT,
  `name` varchar(150) NOT NULL,
  `address` varchar(150) NOT NULL,
  `size` varchar(150) NOT NULL,
  `type` varchar(150) NOT NULL,
  `accreditation_status` varchar(150) NOT NULL,
  PRIMARY KEY (`hospital_id`)
) ENGINE=InnoDB AUTO_INCREMENT=41 DEFAULT CHARSET=utf8mb4 COLLATE=utf8mb4_0900_ai_ci;
/*!40101 SET character_set_client = @saved_cs_client */;

--
-- Dumping data for table `hospitals`
--

LOCK TABLES `hospitals` WRITE;
/*!40000 ALTER TABLE `hospitals` DISABLE KEYS */;
INSERT INTO `hospitals` VALUES (1,'Acevedo-Lee Hospital','2696 Robinson Flat Lake Nicholas, ID 92919','169','Community','Not Accredited'),(2,'Kramer LLC Hospital','86649 Michael Groves Jonesmouth, VA 80169','72','Specialty','Accredited'),(3,'Le-Adkins Hospital','59769 Williams Meadows Apt. 326 South Lynnmouth, TX 78053','61','Teaching','Accredited'),(4,'Warren-Vasquez Hospital','70076 Johnathan Station Suite 610 North Kathryn, RI 46802','169','Community','Not Accredited'),(5,'Gonzalez PLC Hospital','2315 Mark Road Apt. 063 Debraview, MA 58537','187','Research','Accredited'),(6,'Stewart Inc Hospital','73353 Michael Street Perezside, WI 28232','253','General','Not Accredited'),(7,'Lewis-Stewart Hospital','PSC 4616, Box 9510 APO AE 00542','277','Community','Accredited'),(8,'Simmons Inc Hospital','Unit 6671 Box 3994 DPO AE 67796','60','General','Accredited'),(9,'Pope, Clark and Serrano Hospital','2297 Rodney Plains Lake Rickyview, KS 26881','326','Research','Not Accredited'),(10,'Levy and Sons Hospital','1854 Mccullough Circle Suite 703 Lake Angelatown, UT 16146','323','Community','Accredited'),(11,'Peters, Anderson and Baker Hospital','7391 Kristin Mountains Apt. 918 South Phillipbury, MO 02536','494','Teaching','Not Accredited'),(12,'Anderson Inc Hospital','27254 Garcia Manor Riveraville, WY 42333','451','Research','Accredited'),(13,'Elliott LLC Hospital','57108 Tran Valley Apt. 893 North Thomas, NE 36876','63','General','Accredited'),(14,'Hughes Ltd Hospital','3885 Micheal Track Christopherberg, WA 75238','86','Teaching','Not Accredited'),(15,'Howard-Cooper Hospital','704 Mcdaniel Port Apt. 368 Port Briannachester, AZ 29518','157','Specialty','Not Accredited'),(16,'Lopez-Campbell Hospital','7158 Glover Villages Apt. 583 East Brooke, DC 83209','139','Teaching','Accredited'),(17,'Sullivan, Hayes and Arellano Hospital','36505 Buck Creek Apt. 250 Lake Dawnport, MS 64342','451','Research','Not Accredited'),(18,'Francis, Wood and Wilson Hospital','204 Brittany Plains New Jerrytown, NC 73238','457','Teaching','Not Accredited'),(19,'Baker, Figueroa and Carlson Hospital','875 Penny Terrace Suite 010 Port Tricia, AL 35057','354','Research','Accredited'),(20,'Garcia-Hunter Hospital','11032 Roger Square Suite 963 North Laura, WI 65476','52','Specialty','Accredited'),(21,'Owens Ltd Hospital','4176 Travis Circles Victormouth, DE 39528','399','General','Not Accredited'),(22,'Walker Inc Hospital','914 Thomas Fall West Peter, MI 47168','359','General','Accredited'),(23,'Hatfield, Mccall and Carr Hospital','12750 Patterson Mountains Davidstad, DC 04882','119','Teaching','Accredited'),(24,'King-Dillon Hospital','99321 Gary Valleys Suite 486 Nicholasview, MI 17441','334','Community','Not Accredited'),(25,'Dominguez, Martin and Harris Hospital','622 Knapp Tunnel Apt. 286 South Paulberg, AZ 99109','232','Teaching','Not Accredited'),(26,'Ingram Group Hospital','1699 Nancy Extension Watersbury, AR 96984','377','Community','Accredited'),(27,'Krause, Gonzalez and Morgan Hospital','2703 Alvarado Bridge Brendahaven, NM 79989','112','Teaching','Accredited'),(28,'Mitchell and Sons Hospital','USCGC Morgan FPO AA 91133','464','Specialty','Not Accredited'),(29,'Williamson-Middleton Hospital','USNV Clark FPO AP 37452','97','Specialty','Accredited'),(30,'Riley, Porter and Woods Hospital','109 Leon Pass Suite 772 Amyview, IN 95368','449','Specialty','Not Accredited'),(31,'Walsh, Bailey and Robinson Hospital','2622 Reed Pines Apt. 584 East Maryberg, NM 20641','163','Research','Accredited'),(32,'Munoz, Bass and Mann Hospital','2498 Daniel Drives Flynnville, TX 53678','394','Teaching','Accredited'),(33,'Edwards-Roberson Hospital','57866 Michelle Lodge Suite 727 South Robinburgh, NH 17963','406','Teaching','Not Accredited'),(34,'Miller and Sons Hospital','25085 Jason Ranch Suite 525 New Amandabury, NH 33782','256','Research','Accredited'),(35,'Martinez Group Hospital','3546 Sierra Mews Apt. 087 North Sarah, DE 98610','180','General','Accredited'),(36,'Parrish-Ramirez Hospital','408 Johnson Extensions New Lindsey, DC 89090','407','Specialty','Accredited'),(37,'Bradshaw, Munoz and Lam Hospital','9051 Rodriguez Inlet Suite 509 East Markside, NE 83439','190','General','Not Accredited'),(38,'Evans-Jordan Hospital','75830 Nichols Radial Suite 392 North Danielleburgh, MO 28500','295','Specialty','Accredited'),(39,'Tucker-French Hospital','05382 Gillespie Mill Suite 745 West Patrick, MN 53544','289','Research','Accredited'),(40,'Carpenter, Nichols and Lara Hospital','989 Bentley Wells North Debbie, TX 43548','284','General','Not Accredited');
/*!40000 ALTER TABLE `hospitals` ENABLE KEYS */;
UNLOCK TABLES;

--
-- Table structure for table `patients`
--

DROP TABLE IF EXISTS `patients`;
/*!40101 SET @saved_cs_client     = @@character_set_client */;
/*!50503 SET character_set_client = utf8mb4 */;
CREATE TABLE `patients` (
  `person_id` int unsigned NOT NULL AUTO_INCREMENT,
  `name` varchar(150) NOT NULL,
  `date_of_birth` date NOT NULL,
  `address` varchar(150) NOT NULL,
  `role` varchar(150) NOT NULL,
  `doctor_id` varchar(150) NOT NULL,
  PRIMARY KEY (`person_id`)
) ENGINE=InnoDB AUTO_INCREMENT=702 DEFAULT CHARSET=utf8mb4 COLLATE=utf8mb4_0900_ai_ci;
/*!40101 SET character_set_client = @saved_cs_client */;

--
-- Dumping data for table `patients`
--

LOCK TABLES `patients` WRITE;
/*!40000 ALTER TABLE `patients` DISABLE KEYS */;
INSERT INTO `patients` VALUES (101,'Anna Gregory','1963-07-10','138 Campbell Club Apt. 735 Port Phyllis, WI 61401','Patient','42'),(102,'Jeremiah Leonard','2023-11-04','PSC 6146, Box 5584 APO AA 17845','Patient','68'),(103,'Debra Wise DDS','1960-07-14','74803 Paul Cape Suite 036 Brownshire, WA 51187','Patient','23'),(104,'Yvonne Powers','1998-03-09','21790 Jennifer Crescent Brookebury, OR 75432','Patient','13'),(105,'April Jones','1957-12-05','4838 Daniel Throughway East John, IN 22089','Patient','14'),(106,'Eugene Campbell','1975-10-12','826 Chris Wall New Regina, MS 85190','Patient','87'),(107,'Brian Orr','1964-12-30','787 Laura Fork Apt. 733 Lake Timothychester, NE 20630','Patient','35'),(108,'Melissa Steele','1945-01-01','604 Peter Road Apt. 402 Port Kaylabury, PA 79091','Patient','67'),(109,'Andrew Woods','2024-02-16','7866 Johnson Bypass Suite 630 Nicolebury, SD 08798','Patient','71'),(110,'Cynthia Weaver','2002-11-02','068 Marshall Pike East Isaiah, NC 22021','Patient','68'),(111,'Janet Olsen','1957-04-12','5746 William Road North Andrew, NY 42293','Patient','90'),(112,'Samantha Burke','1983-10-09','PSC 4033, Box 0572 APO AA 31667','Patient','79'),(113,'Michael Burgess','2020-07-24','324 Vincent Club Apt. 239 Robertberg, NY 13423','Patient','61'),(114,'Blake Ferguson','2011-05-25','0766 Mcgee Underpass Underwoodton, AK 77601','Patient','34'),(115,'Jonathan Garcia','1986-07-17','3585 Barbara Ramp Carpenterland, NJ 70810','Patient','26'),(116,'Cory Brown','1981-12-23','338 Kayla Ridge Laurenburgh, TX 55311','Patient','74'),(117,'Crystal Long','1969-12-05','58092 Richard Ford South Devon, OK 94867','Patient','58'),(118,'Joe Frye','1996-02-14','48103 Emma Causeway Crystalton, KY 26850','Patient','19'),(119,'Timothy Brady','2017-10-09','47897 Long Garden Melissatown, AL 31871','Patient','23'),(120,'Thomas Johnson','1993-03-22','22470 Christy Gardens Lake Marcobury, MN 86794','Patient','71'),(121,'Derek Perry','2023-09-30','837 Murphy Center Suite 731 Robertstad, IA 90582','Patient','34'),(122,'Allen Gonzales','1935-06-05','08692 Elizabeth Locks Lake Zachary, IA 34165','Patient','74'),(123,'Chad Weiss','1978-02-03','5315 Mcclure Unions Kelleymouth, TX 56882','Patient','67'),(124,'Catherine Jackson','1938-10-28','35360 Tyler Keys Pierceland, CO 33581','Patient','98'),(125,'Christopher Mullen','1993-11-21','33556 Christina Station Josephtown, MS 33239','Patient','59'),(126,'Angela Holder','1986-01-05','464 Jennifer Summit Suite 540 Pughburgh, GA 85509','Patient','39'),(127,'Ryan Wood','1966-06-04','4911 Harris Station Apt. 965 Wellstown, OR 93486','Patient','49'),(128,'Jeff Higgins','1941-06-24','USNS Richardson FPO AE 52749','Patient','58'),(129,'Lisa Mack DDS','1988-10-22','3403 Caroline Lodge Apt. 494 Port Samantha, FL 89704','Patient','98'),(130,'Alfred Tran','1978-01-15','39648 Chen Path Joanchester, SC 57485','Patient','96'),(131,'Todd Gray','1942-09-27','667 Perez Knolls West Cynthiamouth, IN 81299','Patient','13'),(132,'Mark Johnston','1936-12-28','94086 Hall Stravenue Suite 665 Jacksonberg, TX 57448','Patient','48'),(133,'Ian Keller','1998-12-04','9334 Ramsey Plain Fullerburgh, ME 02565','Patient','53'),(134,'Shane Jensen','2004-03-24','631 Ann Spurs Suite 586 Juanfort, PA 48770','Patient','7'),(135,'Dustin Garcia PhD','2018-10-10','759 Angela Rapid Youngmouth, VT 60839','Patient','64'),(136,'Sandra Weaver','1947-11-17','885 Garcia Views Apt. 694 Rodrigueztown, DE 50443','Patient','66'),(137,'Brittany Lee','1976-10-27','03143 Orr Summit Apt. 188 Justinfurt, OR 38261','Patient','24'),(138,'Erin Fox','2000-08-14','134 Brandy Lights Apt. 867 South Daniel, LA 58459','Patient','20'),(139,'Laura Thompson','1999-11-30','0102 Samantha Avenue Ashleychester, IN 74345','Patient','78'),(140,'Daniel Livingston','1998-05-07','282 Dunn Squares Lake Richard, NY 85789','Patient','4'),(141,'David Campbell','1985-05-14','PSC 8186, Box 3776 APO AA 67178','Patient','100'),(142,'James Hobbs','1986-02-14','1390 Guerrero Point Robinhaven, NH 26931','Patient','59'),(143,'Gabriel Roberson','1981-08-19','405 Shawn Hollow Apt. 967 Robertstad, OH 37333','Patient','46'),(144,'Alexander Sawyer','2003-10-07','608 Moore Brook Suite 530 East Catherineville, NJ 36611','Patient','92'),(145,'Vanessa Hernandez','1944-08-20','113 Amanda Oval New Eugene, AZ 50228','Patient','32'),(146,'Samantha Barker','1963-04-02','946 Frank Keys Alisonfort, GA 61751','Patient','93'),(147,'Lindsay Roman','1984-08-03','570 Donovan Gardens Apt. 585 Lake Jose, SD 35641','Patient','34'),(148,'Kimberly Bryant','1938-05-01','168 Ann Locks Apt. 410 New Dominiqueview, ND 69055','Patient','56'),(149,'David Benson','1966-10-19','9112 Bill Meadows New Veronicahaven, OK 07718','Patient','59'),(150,'Alexander Coleman','1941-10-28','916 Gallegos Ranch Apt. 512 South Shirley, OK 69470','Patient','34'),(151,'Michele Ross','1955-08-13','42840 Bowers Forges Suite 193 Timothystad, FL 53680','Patient','3'),(152,'Mason Montgomery','1964-08-26','20005 Kristin Extension Suite 835 Paulfort, CA 97823','Patient','95'),(153,'Melissa Duncan','1973-10-08','724 Gonzales Trace Suite 864 Port Garrett, MD 59787','Patient','85'),(154,'Diana Waters','1938-09-28','02223 Heather Radial North Jeremiah, OH 45158','Patient','100'),(155,'Anthony Shannon','1986-12-09','USS Brown FPO AE 58539','Patient','67'),(156,'William Tran','1943-02-25','2450 Robert Crossing Georgetown, MD 08879','Patient','59'),(157,'John Craig','1987-11-22','902 Cook Green South Stanleyburgh, AZ 25654','Patient','20'),(158,'Gregory Whitaker','1984-09-17','59610 Thomas Extensions Lake Ashleyview, WY 26779','Patient','90'),(159,'Dana Miranda','1979-05-12','1461 Moran Hill Apt. 223 South Latasha, MD 14312','Patient','12'),(160,'Donna Spencer','2006-06-15','83803 Morales Hills Lake Ashleyville, RI 17752','Patient','78'),(161,'Miguel Green','1994-01-17','7496 Lopez Drive Suite 454 South Lindsayhaven, MI 64898','Patient','51'),(162,'Michelle Best','1980-03-21','USNV Russell FPO AE 79359','Patient','55'),(163,'Jamie Macdonald','1968-04-28','963 Robin Skyway Port Ashleyfort, AL 67917','Patient','74'),(164,'Kenneth Page','2014-03-24','69093 Laura Roads Suite 713 Steelechester, WA 14385','Patient','59'),(165,'Mary Gentry','1941-05-21','515 Jason Crossing Jessicaview, TN 97478','Patient','97'),(166,'Amy Henry','2018-07-15','1744 Doyle Run Suite 350 North Matthewchester, NY 58635','Patient','8'),(167,'Evan Copeland','2017-10-29','7432 Walls Passage Apt. 209 North Omar, MS 72456','Patient','25'),(168,'Melissa Mitchell','1958-09-24','54094 Alexis Stream Apt. 347 Lake Rodneymouth, HI 12317','Patient','95'),(169,'Amanda Bailey','1942-11-26','07478 Walsh Camp Suite 169 North Anthonyland, CO 28194','Patient','55'),(170,'Amanda Reed','1995-11-22','67526 Murray Bypass Port Hannah, NE 13487','Patient','73'),(171,'Lisa Castillo','1943-06-21','1970 Williams Parkway Phillipston, ME 45662','Patient','38'),(172,'Richard Kent','2014-08-16','98562 Rachel Fort Thompsonstad, NY 67765','Patient','47'),(173,'Andrew Washington','1975-06-27','037 Allison Turnpike Port Patrick, CO 94650','Patient','99'),(174,'Micheal Frazier','1942-05-26','0512 Kathryn Tunnel Vincentport, MO 98402','Patient','90'),(175,'Willie Newman','1962-06-18','Unit 8155 Box 4717 DPO AP 62627','Patient','54'),(176,'Matthew Smith','2002-01-11','9325 Smith Via Robertburgh, VT 04956','Patient','27'),(177,'Kimberly Warner','1959-08-28','97058 Theresa Island Leefort, FL 86491','Patient','77'),(178,'Dustin Pacheco','1995-02-26','USS Jones FPO AE 28153','Patient','70'),(179,'Brittney Davis','1955-11-13','9460 Kidd Station West Crystalville, ID 98770','Patient','58'),(180,'Kayla Sanchez','2019-11-16','252 Michael Center Williamland, VT 20828','Patient','61'),(181,'Angel Williams','2010-10-24','637 Wilkins Passage New Allisonberg, NE 04405','Patient','45'),(182,'Ellen James','1987-02-07','65003 Gibson Ridge Suite 084 Whiteshire, KS 14813','Patient','41'),(183,'Douglas Harris','1942-09-06','227 Mary Fords Apt. 594 Port John, UT 83536','Patient','73'),(184,'Christopher Berg','2003-11-06','823 Gary Roads North Ruben, GA 29907','Patient','77'),(185,'Nathan Banks','1996-02-17','71567 Krista Viaduct Suite 984 East Richard, NC 10679','Patient','78'),(186,'John Taylor','1969-05-18','3057 Perry Cove Suite 067 Joseborough, NE 55752','Patient','15'),(187,'Sabrina Ferrell','1984-11-04','94418 Hill Camp Suite 536 Sanchezmouth, MN 35883','Patient','96'),(188,'Joshua Harrison','1945-07-07','78022 Arthur Ramp South Terrencechester, TN 48175','Patient','93'),(189,'Joan Nash','1937-08-05','052 Carolyn Points Apt. 809 South Sharon, WI 17772','Patient','18'),(190,'Patricia Meadows','1945-11-30','USNV White FPO AE 90794','Patient','31'),(191,'Alexandra Fleming','2022-07-04','Unit 7840 Box 7808 DPO AE 04417','Patient','33'),(192,'Bradley Parker','1982-02-28','54319 Claudia Plaza Suite 685 West Stephen, TN 57883','Patient','65'),(193,'Thomas Lambert','1971-06-12','0871 Myers Highway West Austinmouth, DC 24298','Patient','62'),(194,'Benjamin Moody','1947-06-11','PSC 4159, Box 8117 APO AA 14721','Patient','92'),(195,'Jennifer Murphy','1970-11-27','6169 Elizabeth Ports New Sarah, LA 82117','Patient','80'),(196,'James Young','2024-05-01','38463 Lara Squares Port Douglas, VA 05862','Patient','94'),(197,'Carmen Suarez DVM','1968-12-18','5978 Jessica Orchard Suite 672 Port Emily, KY 44976','Patient','33'),(198,'Matthew Horton','2004-06-13','371 Johnson Centers Suite 462 Danaton, DC 16920','Patient','44'),(199,'Michael Cox','1976-04-16','USNS Sutton FPO AA 74013','Patient','58'),(200,'Mark Fitzpatrick','1993-09-02','2242 Paige Cape Suite 042 North Ariel, IA 98989','Patient','70'),(201,'Miranda Griffith','2003-02-20','65141 Jacob Stream Suite 724 Davidside, OR 22933','Patient','94'),(202,'Nicole Key','2007-01-16','Unit 7002 Box 1956 DPO AA 78858','Patient','30'),(203,'Sean Miller','1957-10-21','2156 Young Trafficway Apt. 980 Lake Caitlyn, TN 72263','Patient','1'),(204,'Blake Gomez','2024-07-07','8400 Williamson Villages Suite 016 Smithbury, UT 12970','Patient','12'),(205,'Nicholas Grant Jr.','1960-04-15','0621 Cohen Mount West Kennethtown, AZ 15427','Patient','38'),(206,'Holly Garcia','1988-02-05','USS Rowe FPO AA 92823','Patient','36'),(207,'Joshua James','1996-07-06','533 Hart Trafficway Heidiburgh, VT 57949','Patient','67'),(208,'Matthew Jones','1936-10-01','PSC 4895, Box 6222 APO AP 85579','Patient','43'),(209,'Lindsay Andrews','2024-12-22','4819 Park Lake North James, LA 44816','Patient','61'),(210,'Elijah Torres','1949-03-20','8739 Brown Tunnel Suite 705 West Laura, OK 83027','Patient','2'),(211,'Deanna Alexander','1937-06-13','2597 Atkins View Apt. 457 North Anitamouth, NJ 06903','Patient','47'),(212,'Tonya Brooks','2016-04-24','7060 Michael Overpass Suite 522 Smithview, DE 93933','Patient','49'),(213,'Dr. Susan Wheeler MD','1971-02-22','626 Carol Mall Suite 254 North Amy, NE 25982','Patient','6'),(214,'Charles Foley','1934-06-24','16111 Thomas Turnpike Phammouth, WI 64433','Patient','93'),(215,'Kari Moss','1990-09-28','Unit 2061 Box 0151 DPO AA 35338','Patient','43'),(216,'Pamela Ballard','2004-12-25','55248 Donna Views Apt. 530 West Brianshire, SD 89097','Patient','83'),(217,'Mallory Thompson','1955-11-26','921 Taylor Forks Suite 718 Port Daniellechester, WI 54408','Patient','95'),(218,'Linda Chapman','1935-01-13','307 Laura Highway Apt. 068 Brownfort, KY 85649','Patient','65'),(219,'Carlos Moore','1935-05-24','691 Albert Spur Apt. 183 South Michaelland, TX 55113','Patient','62'),(220,'Bradley Collins','1994-11-27','6837 Harrington Rue Apt. 575 Bakershire, FL 20255','Patient','62'),(221,'Nancy Perez','1966-10-03','6543 Jimenez Forks Suite 484 West Rhondashire, IA 65583','Patient','98'),(222,'Larry Escobar','1973-06-02','98202 Christina Tunnel Apt. 177 Lake Jason, IN 53781','Patient','86'),(223,'Gilbert Holt','2023-08-16','728 Sullivan Mountains North Joseph, MN 50847','Patient','75'),(224,'James Wells DVM','1970-07-12','2777 Allen Rest Tracybury, NC 01743','Patient','96'),(225,'Monica Austin','1982-08-04','05724 Amanda Pines Apt. 880 Sonyafort, WI 17664','Patient','50'),(226,'Mark Diaz','1969-12-20','683 Martha Mountain Apt. 098 Nicolestad, NM 49509','Patient','44'),(227,'Kelsey Roth','2010-05-20','5194 Alexander Ford West Jenniferburgh, CT 88962','Patient','49'),(228,'Diamond Gray','1993-02-02','96903 Robert Dale New Steven, OH 16967','Patient','92'),(229,'Edward Wilson','1992-03-14','296 Porter Lodge Sethton, VA 50523','Patient','11'),(230,'Nina Howard DVM','1976-10-30','54538 Morrison Place Apt. 192 Patriciashire, MA 88582','Patient','54'),(231,'Mr. Cory Mcdaniel DDS','1954-01-08','03989 Kimberly Via Suite 808 East Tyler, NJ 68753','Patient','67'),(232,'Jeffrey Howard','2013-06-11','744 Perez Turnpike Reyesshire, NV 07373','Patient','65'),(233,'Nicole Bennett','2000-07-19','2307 Chapman Row Lisahaven, ND 20910','Patient','43'),(234,'Michael Edwards MD','1940-12-05','3899 Dunn Meadows New Joshua, NM 14933','Patient','84'),(235,'Brooke Jennings','1946-01-18','USCGC Davis FPO AP 10303','Patient','43'),(236,'Anna Shelton','1986-10-29','887 Williams Ville East Daniel, AR 69353','Patient','87'),(237,'Tami Tyler','1975-02-22','548 Washington Tunnel Samuelburgh, IL 39041','Patient','43'),(238,'John Beck','2009-04-14','06203 Rollins Manor Jacquelinechester, VT 96716','Patient','56'),(239,'Bruce Briggs','1985-12-15','72774 Kyle Garden Suite 242 Sheltonburgh, NJ 27989','Patient','44'),(240,'William Barnett','2002-03-06','349 Potts Mews West Tyler, MA 88718','Patient','99'),(241,'Courtney Anderson','1958-01-20','5450 Michael Walks Apt. 614 New Jacobburgh, MT 77952','Patient','94'),(242,'Corey Grant','1941-08-17','PSC 6257, Box 1256 APO AP 93446','Patient','57'),(243,'Chris Ortiz','2004-07-17','Unit 3117 Box 7163 DPO AE 01996','Patient','33'),(244,'Olivia Chapman','1958-04-18','PSC 2874, Box 4549 APO AP 00555','Patient','78'),(245,'Destiny Perez','1935-03-01','21156 Lewis Parks Suite 305 Combsstad, CA 00930','Patient','83'),(246,'Johnny Miller','1973-06-15','866 Duffy Loaf Suite 167 West Michael, WY 75748','Patient','100'),(247,'Heather Williams','1976-12-01','7964 Daniel Hill Jennifermouth, CO 80237','Patient','8'),(248,'Mary Carter','1971-03-02','Unit 7833 Box 6448 DPO AA 89252','Patient','72'),(249,'Jason Rose','1947-08-04','175 Taylor Spur Port Tanya, NH 32243','Patient','18'),(250,'Michelle Wang','1948-11-24','Unit 2472 Box 4561 DPO AE 38801','Patient','94'),(251,'Jonathan Jones','1966-05-15','79392 Samantha Plains Rachelmouth, CT 15097','Patient','77'),(252,'John Gilbert','1970-12-06','312 Sandra Groves Apt. 812 East Rachelfort, IL 18302','Patient','95'),(253,'Ryan Nielsen','1999-11-10','USNS Kramer FPO AA 83452','Patient','42'),(254,'Sean Huang','2005-07-28','00128 Nicole Wells South Jamieton, ME 18926','Patient','36'),(255,'Gregory Reynolds','1943-08-13','3247 Anderson Mount East Kim, KS 39323','Patient','36'),(256,'Mrs. Judy Lane','2018-09-04','2516 Holloway Summit Apt. 498 South William, KS 87574','Patient','36'),(257,'Michelle Webb','1937-04-21','PSC 2196, Box 0505 APO AA 98839','Patient','45'),(258,'Kimberly Jennings','2005-08-25','Unit 6507 Box 9311 DPO AA 46598','Patient','83'),(259,'Sheila Yu DVM','1991-01-03','90505 Eric Courts Smithside, AL 71592','Patient','19'),(260,'Dave Soto','1992-02-21','USCGC Ball FPO AA 55555','Patient','11'),(261,'Cheryl Bell','1957-02-16','40379 Jacobs Isle West Matthew, ME 37645','Patient','1'),(262,'Stephanie Bailey','1982-06-07','4420 Perez Terrace Apt. 235 North David, NE 05054','Patient','88'),(263,'Tammy Moore','2013-06-09','774 Stephens Causeway Apt. 865 West Jeffreyfort, ND 09915','Patient','22'),(264,'Hunter Smith','1950-04-02','42485 Miller Ports Suite 225 Brittanyborough, NE 07525','Patient','57'),(265,'Bryan Harris','1943-06-02','290 Mark Lock Michaelport, SD 79563','Patient','17'),(266,'Michael Kane','1939-11-23','52558 Julie Knoll Apt. 454 Port Kelly, MD 97942','Patient','81'),(267,'Ashley Howell','2001-04-09','346 Tony Road Lake Randallport, NJ 16864','Patient','6'),(268,'James White','1977-08-20','7121 Moore Stravenue West Paulport, NE 45667','Patient','36'),(269,'Christina Phillips','1980-04-20','PSC 6874, Box 5763 APO AP 98750','Patient','86'),(270,'Sara Smith','2019-01-23','6068 Huffman Gateway Coryview, IN 08447','Patient','17'),(271,'Dr. Jennifer Garcia MD','2007-08-13','076 Hale Bypass Apt. 565 Port Crystal, ME 29842','Patient','84'),(272,'Maria Nicholson','2015-09-19','212 Elizabeth Parkways Apt. 906 Lake Susan, FL 54700','Patient','70'),(273,'Joshua Willis','1985-04-15','6644 Mccann Ranch Sandrabury, WA 17489','Patient','44'),(274,'Robert Lynch','1951-07-24','638 Johnson Creek Suite 322 New Brandonside, MT 06773','Patient','53'),(275,'Taylor Hamilton','1944-08-19','556 Jones Common Samueltown, NJ 50719','Patient','89'),(276,'John Page','2025-02-13','1045 Alisha Track New Nicholas, OR 22414','Patient','22'),(277,'Kimberly Moreno','2003-03-03','486 Anna Crescent South Ryanberg, CO 74649','Patient','94'),(278,'Dr. Shane Jenkins','1971-06-22','7092 Gary Motorway Apt. 535 West Brandontown, ID 67766','Patient','97'),(279,'Christina Reed','1952-09-25','444 Nguyen Freeway Apt. 247 New Kelli, DE 76533','Patient','62'),(280,'Debbie Holmes','1969-12-14','2801 Johnston Valley Suite 597 Haasshire, WY 71176','Patient','41'),(281,'Ashley Chan','1973-06-21','37098 Lauren Union Apt. 248 Duncanmouth, MI 96196','Patient','36'),(282,'Paul Hanson','1980-04-21','USS Robinson FPO AP 24024','Patient','36'),(283,'Ricardo Lamb','1967-12-17','3256 Bush Expressway South Jessicaland, NM 05580','Patient','71'),(284,'Timothy Garcia','1946-07-10','USNS Jones FPO AA 16473','Patient','75'),(285,'Robert Lee','1941-11-07','16106 Bailey Hollow South Jacobshire, DE 02330','Patient','100'),(286,'David Hodges','2000-10-01','36162 Diana Forges Garrettburgh, WI 13440','Patient','25'),(287,'George Riddle','2013-03-30','3356 Jose Falls North Anthonyborough, SD 89797','Patient','32'),(288,'Alicia Osborne','1975-01-26','50059 Cheyenne Ridge New Charlesborough, IN 01998','Patient','55'),(289,'Amber Reyes','2009-11-10','9926 Smith Dale West Sara, PA 82542','Patient','37'),(290,'Kayla Anthony','1962-03-03','PSC 6000, Box 7366 APO AA 10673','Patient','92'),(291,'Kristi Johnson','1952-09-08','9721 White Pass Suite 941 South Christopher, SC 76199','Patient','4'),(292,'Joseph Mathews','1947-06-25','504 Douglas Tunnel Suite 831 Leblanchaven, ME 23330','Patient','19'),(293,'Robert Spencer','1940-04-28','77530 Frank Islands Suite 529 Julialand, CT 42145','Patient','59'),(294,'Morgan Parker','1945-07-31','Unit 6971 Box 5206 DPO AA 18448','Patient','80'),(295,'Mr. Andrew Harvey','1969-03-01','049 Jennifer Greens East Stacyburgh, WI 44533','Patient','70'),(296,'Roger Arroyo','1962-01-07','15009 Blake Pike Suite 096 West Deborahstad, SC 82928','Patient','2'),(297,'Michael Kane','2010-07-08','42503 Wilson Crossroad Port Edwardport, RI 78757','Patient','87'),(298,'Erika Barnett','1967-12-13','1786 Collins Squares Apt. 894 Franciscofort, SD 31354','Patient','58'),(299,'Anita Fleming','2008-06-06','05132 Jason Island Suite 208 North Davidville, CA 55604','Patient','71'),(300,'Michael Powell','2006-09-17','5882 Green Prairie Apt. 147 North Jamestown, CA 98247','Patient','38'),(301,'Michelle Stanton','1962-01-22','4265 Terry Lodge Suite 007 East Brianmouth, ME 97303','Patient','19'),(302,'Jonathan Welch','1963-11-30','929 Shelia Land Apt. 724 Mullinston, IN 48685','Patient','29'),(303,'Bryan Marks','1955-09-14','432 Kathleen Rapids East Seth, NC 09175','Patient','3'),(304,'Sonia Schroeder','1990-02-04','1949 Dakota Meadow Suite 926 East Taylor, NE 94077','Patient','35'),(305,'Jennifer Moreno','1944-08-20','60141 Brooks Radial Apt. 459 Matthewshire, SD 67828','Patient','64'),(306,'Andrea Carter','1966-12-09','10320 Gentry Islands Apt. 007 Huntfurt, AK 70321','Patient','15'),(307,'Corey Smith','1981-08-01','62178 Christina Common Apt. 465 Russoside, NC 27190','Patient','38'),(308,'Tami Fields','1994-11-12','3069 Ashley Path Suite 053 Wagnershire, TN 99588','Patient','21'),(309,'Denise Carter','1953-10-22','USNS Bell FPO AA 55596','Patient','20'),(310,'Patricia Galvan','1963-09-13','437 David Harbors Apt. 694 Nancyland, TN 07812','Patient','84'),(311,'Cindy Wilson','2008-03-04','1508 King Roads Suite 966 East Josephhaven, NM 60262','Patient','48'),(312,'George Short','1982-12-14','0331 Reeves Glens Hardingport, SD 89361','Patient','35'),(313,'Joseph Herrera','2017-06-13','6272 Larson Trafficway Adamsville, VT 69911','Patient','18'),(314,'Steve Sanchez','1947-01-28','492 Dennis Gateway Lake David, KS 25833','Patient','22'),(315,'Shawn Kelly','2012-01-24','01426 Cesar Streets Port Timothy, NM 69138','Patient','76'),(316,'Sandra Murray','1987-11-28','0862 Kennedy Common Apt. 422 East Jenniferland, FL 53381','Patient','24'),(317,'Cristian Hall','1956-08-18','36568 Ryan Villages Port Jessicaville, LA 55018','Patient','27'),(318,'Olivia Walker','1987-12-31','2339 Morris Green Lake Ryan, MD 26660','Patient','19'),(319,'Kaitlyn Davis','1981-09-28','36618 Natalie Motorway Apt. 723 North Daniel, FL 54397','Patient','7'),(320,'Diane Martin','1971-09-20','Unit 1498 Box 8983 DPO AA 73605','Patient','69'),(321,'Kathleen Campbell','1938-04-02','6570 Derek Loaf Amyside, MA 53865','Patient','55'),(322,'Erica Taylor','1987-05-17','4595 Victoria Corners Apt. 530 Wendyshire, NH 48544','Patient','65'),(323,'Samantha Stevens','1945-09-27','3837 Hood Manor Robertside, KY 76986','Patient','52'),(324,'Nancy Miller','1938-09-02','54925 Abigail Neck West Brittany, PA 09751','Patient','8'),(325,'Ashley Weeks','1950-07-23','USNS Weiss FPO AP 43681','Patient','95'),(326,'Austin Thomas','2007-09-09','288 Clark Knoll East Jamesville, CA 22536','Patient','20'),(327,'Tracy Jensen','1978-01-01','875 Schwartz Burgs Suite 261 East Shariville, WA 82976','Patient','5'),(328,'Kimberly Warner','1989-03-22','542 Bates River Suite 504 Douglasfurt, IL 24245','Patient','97'),(329,'Brooke Campbell','1938-12-29','00737 Matthew River East Williamtown, NC 62083','Patient','54'),(330,'Patricia Snyder','1940-05-15','39972 Bennett Views Suite 837 Port Brittany, RI 95076','Patient','84'),(331,'Jonathan Lynch','2025-03-15','23107 Mitchell Manors West Wendy, NY 82634','Patient','78'),(332,'Diana Allen','1968-10-23','772 Karen Gardens Apt. 216 Joshuamouth, MD 46823','Patient','63'),(333,'Eric Little','1979-03-07','USCGC Christian FPO AE 18545','Patient','44'),(334,'Theresa Alexander','1989-09-15','0604 Harper Branch East Shannon, IL 30277','Patient','77'),(335,'Jesse Munoz','1983-02-19','732 Todd Skyway Lake Robert, WA 57149','Patient','3'),(336,'Lawrence Caldwell','2019-01-24','101 Lopez Route Suite 100 Port Nicoleshire, NC 54001','Patient','69'),(337,'Bridget Cook','1953-06-25','803 Ware Lodge Michelleland, WA 76543','Patient','18'),(338,'David Sexton','1954-04-11','349 Johnson Club South Yolandastad, VA 39485','Patient','58'),(339,'Lauren Santiago','1994-06-09','53665 Ellis Keys Suite 509 Wrightfort, SC 19935','Patient','68'),(340,'Dawn Davis','1943-04-22','PSC 9173, Box 9240 APO AE 72313','Patient','60'),(341,'Justin Dennis','1954-08-14','7325 Braun Inlet Suite 503 Snyderberg, OH 03735','Patient','98'),(342,'Sandra Fuller','2008-01-23','70046 Alexander Branch Reyesmouth, OR 68918','Patient','32'),(343,'Lisa Jordan','1968-11-15','2145 Barton Burg Suite 507 Richardchester, MT 97189','Patient','20'),(344,'Mary Carter','2002-04-27','045 David Rest Apt. 635 East Richard, WI 68838','Patient','6'),(345,'Melissa Brooks','1974-04-09','0553 Christensen Isle New Derek, VT 87375','Patient','68'),(346,'Adriana Martin','2019-11-26','884 Taylor Square Suite 579 Foxchester, NH 34857','Patient','48'),(347,'Jessica Poole','2013-07-06','36587 Graham Centers Apt. 960 East Lauraport, WY 83212','Patient','59'),(348,'Jessica Pena','1963-09-21','14035 Julie Crest New Jackie, IL 30750','Patient','45'),(349,'Kristina Parker','1961-06-08','887 Torres Ford Suite 580 Bennettmouth, AL 09734','Patient','28'),(350,'Gary Harris','1968-10-10','974 Colleen Forks North Karen, MA 52265','Patient','33'),(351,'Richard Lindsey','1935-01-13','8093 Sampson Streets Evanston, ID 36189','Patient','8'),(352,'Kristi Collins','1934-06-04','126 Cindy Pines Sarahmouth, WY 47163','Patient','71'),(353,'Virginia Anderson','1968-05-23','USCGC Jackson FPO AP 84830','Patient','23'),(354,'Andre Smith','2021-03-15','1503 Smith Canyon South Kennethton, PA 03819','Patient','64'),(355,'John Thomas','1950-03-03','6802 Tina Viaduct East Heathermouth, DE 98969','Patient','50'),(356,'Mr. Ian Thomas','1942-02-05','7881 Janet Crescent Lake Anthonystad, DC 53159','Patient','19'),(357,'Joshua Lane','1979-10-11','3664 Harris River Apt. 258 South Lisa, ME 59193','Patient','83'),(358,'David Dennis','1997-06-03','21559 Thomas Manors Suite 015 South Michelle, MN 01392','Patient','85'),(359,'Jacqueline Hill','2015-08-30','5576 Brittany Ridges Lake Daniel, IN 02388','Patient','62'),(360,'Michael Smith','2000-07-25','86843 Hannah Vista Apt. 337 Lake Andre, SC 73482','Patient','83'),(361,'Crystal Calderon','1934-07-20','96085 Rogers Camp Apt. 994 Johnfort, UT 70766','Patient','87'),(362,'Adrienne Erickson','2024-04-04','19926 Shelton Trail Suite 781 Bonnieburgh, MN 54699','Patient','86'),(363,'Julia Rocha','1957-06-21','98125 Matthew Throughway Lake Heatherside, MA 80483','Patient','73'),(364,'Catherine Garcia','1943-03-09','85156 Suzanne Ports Apt. 643 North Matthew, CT 55088','Patient','2'),(365,'Regina Clark','1969-04-17','756 Eric Lane Apt. 863 Jonesville, CT 03674','Patient','38'),(366,'Jennifer Edwards','1965-05-28','24655 Richard Trace Suite 271 Port Tammy, IL 10170','Patient','91'),(367,'Jason Miller','1970-04-28','378 Barbara Mountains West Terriport, OR 12446','Patient','39'),(368,'Stephanie Ramirez','2022-11-25','044 Joseph Overpass Suite 875 Connerfort, NJ 79809','Patient','9'),(369,'Elizabeth Sutton','1997-08-17','1947 Mitchell Underpass West Derrick, ID 45840','Patient','10'),(370,'Michael Russo','2002-03-06','63052 Gonzalez Common Knightstad, WI 91821','Patient','27'),(371,'Amanda Hunt','1980-02-28','4657 Hall Mount Apt. 682 Andrewborough, MI 60346','Patient','74'),(372,'Jennifer Foster DDS','1980-04-16','765 Daniel Turnpike West Teresa, MS 09014','Patient','91'),(373,'Sarah Porter','1939-03-08','57320 Hill Lane New Mark, TX 36549','Patient','76'),(374,'Tiffany Sellers','2013-12-20','28150 Mark Tunnel Elizabethstad, ND 73792','Patient','13'),(375,'Christopher Garza','2015-10-25','20975 Yates Locks Moodyport, IL 85088','Patient','49'),(376,'Sheila Sanchez','1944-02-23','09593 Williams Motorway Suite 642 Kyletown, AR 69826','Patient','86'),(377,'Dawn Dickerson','1957-10-19','94408 Macias Views South Christopher, FL 91455','Patient','53'),(378,'Jermaine Johns','1957-07-24','27399 Timothy Hill East Rhondamouth, LA 88533','Patient','4'),(379,'Heather Morris','2007-05-07','410 Nguyen Drive Lake Justinstad, OH 90189','Patient','13'),(380,'Ann Thornton','2022-11-19','65747 Darrell Vista New Dale, UT 71087','Patient','13'),(381,'Todd Sims','2009-10-19','8766 Melissa Island Alexton, WI 19351','Patient','61'),(382,'Leslie Montgomery','2007-08-17','6583 Wilson Lodge Suite 471 East Christopherbury, MS 12846','Patient','36'),(383,'Nicholas Keller','1994-06-26','35213 Grant Crescent Suite 296 South Jasmine, CT 28063','Patient','90'),(384,'Nathaniel Jackson','1975-09-16','68419 Amy Trace Apt. 818 New Travisshire, DC 33790','Patient','94'),(385,'Adrian Richmond','1991-09-09','Unit 9712 Box 7201 DPO AA 50699','Patient','46'),(386,'Shawn Gray','1936-02-09','Unit 9554 Box 3432 DPO AP 72084','Patient','43'),(387,'Hannah Hart','1962-07-04','PSC 9935, Box 5119 APO AA 09865','Patient','44'),(388,'Sonia Conley','2008-04-19','8304 Roberts Rest Apt. 095 Port Ashley, NC 34706','Patient','21'),(389,'Kelly Burton','2008-10-28','347 Kim Streets Apt. 910 Estradamouth, HI 26276','Patient','62'),(390,'Rebecca Lewis','2005-10-12','79465 Raymond Extension Crystalfurt, ID 56054','Patient','27'),(391,'Dominique Paul','2022-11-27','7708 Karen Mills Apt. 039 Jamesville, VT 80213','Patient','61'),(392,'Edward Murphy','1975-09-12','78298 Jenkins Viaduct Rhondaport, CT 39930','Patient','9'),(393,'Andrew Sharp','1972-12-30','0277 Taylor Crossroad Frostmouth, DE 06178','Patient','34'),(394,'Andre Barry','2001-04-14','965 Cross Knoll Sullivanton, MD 75507','Patient','38'),(395,'Amanda Coleman','1988-05-21','7708 Spencer Trace Apt. 108 Simmonsfurt, CO 57537','Patient','77'),(396,'Regina Patel','2024-04-11','010 Williams Dam North Carlahaven, AR 92490','Patient','34'),(397,'Donna Grant','1945-11-21','6163 Torres Park Apt. 230 Kylehaven, MI 36395','Patient','83'),(398,'Eileen Patel','1937-06-06','95796 Gilmore Garden Wilsonview, TN 48792','Patient','48'),(399,'Richard Pham','1946-12-04','Unit 9536 Box 3119 DPO AA 79859','Patient','68'),(400,'Denise Phillips','1972-05-17','480 Ellis Throughway Port Bryanchester, VT 14236','Patient','6'),(401,'Debra Lynn','1986-08-02','971 William Oval Apt. 882 Davidside, CT 49107','Patient','36'),(402,'Julia Patel','1945-08-02','6315 Torres Mews Chadshire, NC 70460','Patient','20'),(403,'Holly Baker','1937-09-21','84440 Holly Spring Apt. 633 New Johnmouth, SC 60928','Patient','17'),(404,'Angela Perry','1955-08-26','322 Stacey Islands Apt. 088 Port Rachaelville, IL 64663','Patient','22'),(405,'Deanna Lopez','1999-10-08','0719 Gray Grove Apt. 028 Markshire, PA 27312','Patient','87'),(406,'Timothy Miller','1948-12-16','923 Mark Greens Suite 800 Garnerbury, NV 67662','Patient','16'),(407,'Tina Davis','2015-10-13','0823 Webb Orchard Suite 113 Leonardland, MD 38766','Patient','50'),(408,'Vanessa Hurley','1957-12-27','Unit 9284 Box 8704 DPO AA 48675','Patient','29'),(409,'Victoria Costa','1966-09-14','43941 Brittany Path North Sherry, IL 48576','Patient','17'),(410,'Becky Becker','1987-03-14','9565 Johnson Terrace Suite 513 Valentineborough, MI 71560','Patient','32'),(411,'Nicole Larson','2007-10-01','99312 David Orchard Timothyburgh, MA 40652','Patient','68'),(412,'Jessica Aguilar','1940-11-18','27223 Martin Expressway Pittsshire, WI 99683','Patient','10'),(413,'Brittany Warner','1935-02-26','712 Christopher Radial Suite 765 Port Mario, MA 69532','Patient','79'),(414,'Allison Cox','1981-02-07','USS Allen FPO AE 44112','Patient','22'),(415,'Richard Rodriguez','1940-01-09','039 Joseph Island Dixonburgh, MI 90004','Patient','80'),(416,'Ruben Brooks','1996-06-04','5121 Christina Drives Suite 590 Jordanburgh, VA 25099','Patient','16'),(417,'Elizabeth Stanley','1981-12-09','795 Williams Square East Jessica, TX 44928','Patient','97'),(418,'John Case','1998-12-06','829 William Dam Suite 104 Port Corey, IL 32489','Patient','19'),(419,'Christopher Lawson','1972-12-13','4329 Garcia Haven Apt. 044 West Taylor, AR 70403','Patient','58'),(420,'Kayla Chang','1941-01-06','Unit 6333 Box 0692 DPO AA 59318','Patient','58'),(421,'John Stanley','2002-04-28','059 Jeffrey Street Rossshire, KS 11879','Patient','68'),(422,'Stephen Allen','2016-08-17','4359 Foster Ranch South David, SD 95143','Patient','7'),(423,'Kristen Mann','2000-03-30','118 Carlos Parkway Suite 003 Lake Valerieland, WI 70399','Patient','67'),(424,'Robert Thomas','2020-06-23','612 Tony Brooks East Elizabeth, MS 74514','Patient','79'),(425,'Gina Freeman','1962-07-06','56029 Tina Cape Apt. 326 Port Melissabury, HI 04716','Patient','99'),(426,'Christina Wang','2002-08-09','76412 Johnson Lane Port Aprilville, OR 69765','Patient','71'),(427,'Debra Knox','2004-05-21','2953 Johnson Hollow Apt. 316 Port Alexport, NJ 08822','Patient','94'),(428,'Corey Tyler','1978-05-18','85872 Nicholas River Suite 067 New Dawn, DC 28692','Patient','38'),(429,'Sarah Tucker','1982-02-15','1979 Phyllis Trail Apt. 239 East Mary, KY 17502','Patient','58'),(430,'Jeffrey Williams','1970-06-04','PSC 8288, Box 9612 APO AE 80650','Patient','87'),(431,'Nicholas Hernandez','1980-08-26','USNS Randolph FPO AP 97946','Patient','4'),(432,'Jenna Flores','1949-12-07','6490 Gonzales Flat Suite 364 Clarkshire, NY 14381','Patient','80'),(433,'Sheila Wilson','2019-03-26','54413 Steven Bridge North Erica, AZ 12651','Patient','28'),(434,'Amanda Griffith','1979-08-08','752 Lucas Spring New Donnaside, WY 56422','Patient','69'),(435,'Jacob Adams','1971-12-02','8796 Odonnell Estate Davismouth, ID 83485','Patient','19'),(436,'Dustin Anderson','1968-09-04','9543 Christine Valleys North Louis, VA 74905','Patient','69'),(437,'Joy Young','1992-06-13','8876 Joshua Club Suite 639 Deantown, OR 59918','Patient','24'),(438,'Haley Kidd','2021-07-04','42681 Kristin Village Apt. 520 Mooreberg, AR 78577','Patient','85'),(439,'James Gomez','1958-11-10','808 Christopher Ways Apt. 466 West Kimberlytown, WY 97234','Patient','95'),(440,'Jessica Andrade','1973-11-08','8479 Sarah Village Lake Joshuafort, VA 48018','Patient','93'),(441,'Robert Carr','1987-10-13','1099 Amanda Common South Victor, NC 96425','Patient','66'),(442,'Mario Parker','1954-08-09','3593 Wright Villages Moorestad, MO 71619','Patient','34'),(443,'Lisa Schneider','2006-05-02','88251 Rose Plains Garzaborough, UT 80929','Patient','76'),(444,'Tina Phelps','1982-09-14','718 Willie Parkway West Christinamouth, NM 10726','Patient','61'),(445,'Tracy Rodriguez','1946-08-31','004 Thomas Courts East Laurenton, WI 63113','Patient','46'),(446,'Janice Howard','2025-02-22','53065 Hurst Islands Suite 809 Wilsonbury, NC 42019','Patient','66'),(447,'Anna Williamson','2023-04-20','72870 Bianca Track Shafferfort, CT 03227','Patient','45'),(448,'Barry Jones','1996-03-03','USS Rice FPO AP 54946','Patient','67'),(449,'Brandy Miller','1990-03-18','463 Amy Corner Lake Mary, MN 27559','Patient','21'),(450,'Michelle Villa','2012-06-15','19137 Weber Crossing Apt. 874 Arnoldstad, NH 34440','Patient','44'),(451,'Leslie Dean','1961-12-26','800 Douglas Trail Lake Jeffrey, FL 30372','Patient','42'),(452,'Joshua Pollard','2018-12-28','8035 Johnson Viaduct Johnberg, OK 43673','Patient','5'),(453,'Elizabeth James','1997-03-03','352 Hogan Rapids Apt. 246 Jasonton, CO 82745','Patient','54'),(454,'Juan Johnson','1941-04-24','723 Bennett Vista Apt. 468 North Nathanielton, AZ 89730','Patient','52'),(455,'Sabrina Mcneil','1996-05-06','717 Alexis Corners Cookside, GA 85080','Patient','70'),(456,'Joshua Burton','1989-12-22','89090 Hogan Motorway Carriebury, AK 71098','Patient','1'),(457,'Scott Dillon','2024-04-29','4098 Proctor Rest Suite 289 Port Brianmouth, MN 35400','Patient','65'),(458,'John Rodriguez','1995-01-06','775 Cole Curve Suite 072 New Carlton, HI 12526','Patient','100'),(459,'Wayne Brewer','1951-05-10','61085 Joseph Skyway Suite 915 Johnberg, NJ 86663','Patient','35'),(460,'Cassandra Johnson','1986-06-30','0777 Reilly Row Lake Lisa, NM 05706','Patient','99'),(461,'Rita Stone','1950-12-10','63248 Henry Points Apt. 983 New Garyport, MA 73205','Patient','58'),(462,'Robert Duarte','1972-03-19','2380 Allen Drive North Katherine, CO 73216','Patient','64'),(463,'Patricia Williams','1985-05-15','9171 Rodriguez Prairie North Holly, MI 80339','Patient','38'),(464,'Patrick Cochran','1960-02-18','USNV Hardin FPO AP 98599','Patient','75'),(465,'Amanda Barker','1937-02-06','702 Patricia Canyon Apt. 900 Rodriguezville, NV 86432','Patient','5'),(466,'Stephanie Gutierrez','2021-07-11','67812 Monique Place West Matthewville, NH 49411','Patient','40'),(467,'Trevor Hale','1939-09-27','877 Barnett Ports Cameronbury, VT 53041','Patient','54'),(468,'Jeffrey Singh','2013-03-05','33427 Davis Inlet Lake Jorge, MT 45595','Patient','22'),(469,'Michael Vega','1990-12-22','72017 Taylor Plaza Suite 038 Amytown, IN 98743','Patient','56'),(470,'Jennifer Evans','2015-08-24','96194 William Mill Suite 868 Donovanberg, ME 66225','Patient','52'),(471,'April Clark','2016-01-03','PSC 0342, Box 1560 APO AA 72678','Patient','78'),(472,'Diane Rodriguez','1995-04-08','06847 Edwin Radial New Rebekah, IN 25030','Patient','84'),(473,'Katherine Sanders','1942-12-26','45914 Wheeler Street Suite 150 Vincenthaven, CO 75227','Patient','76'),(474,'Andrew Harris','2024-06-14','1757 Tara Meadow Apt. 512 Lake Justin, AL 48483','Patient','21'),(475,'Frank Bradshaw','1962-06-05','54260 Gibson Pike Suite 750 West Bradleyborough, SD 39722','Patient','72'),(476,'Harold Anderson','2025-01-19','20381 Adam Estates Apt. 116 Royville, SD 84109','Patient','85'),(477,'Cheryl Gray','1945-06-03','03065 Lucas Cove Suite 010 Whitestad, OH 53344','Patient','7'),(478,'Jennifer Bryant','2002-02-22','74334 Moore Crescent Apt. 176 Richardhaven, VA 30773','Patient','35'),(479,'Michelle Olson','1941-10-25','684 Day Stravenue Apt. 356 Port Christopher, AR 45161','Patient','27'),(480,'Joseph Harris','2023-12-16','74147 Griffin Forest Apt. 455 New Gary, WA 85017','Patient','1'),(481,'Danielle Mclaughlin','2018-02-27','17044 Carr Street East Jenniferton, MO 78251','Patient','81'),(482,'Matthew Ruiz','1973-06-04','839 Brianna Green Port Edward, OR 04817','Patient','13'),(483,'Michael Jones','1934-05-24','3116 Ivan Burg Suite 990 Lake Christopherland, RI 50661','Patient','44'),(484,'Phillip Cummings','2002-02-07','910 Vanessa Dale Suite 977 Jessicamouth, CA 41933','Patient','69'),(485,'Andrea James','1986-05-29','57391 Lucas Mews Suite 682 Nicholasmouth, CO 27793','Patient','16'),(486,'Samantha Harper','1977-09-06','068 Keith Port Suite 127 Port Scottmouth, RI 20510','Patient','10'),(487,'Angela Walker','2006-07-31','9466 Daniel Bypass Apt. 556 Harrisonburgh, TN 29981','Patient','86'),(488,'Alexander Whitaker','1972-09-03','0930 Thomas Turnpike East Crystal, DE 33784','Patient','49'),(489,'Holly Cole','2017-04-12','269 Rodriguez Walk Suite 774 West Rachelmouth, OH 10289','Patient','27'),(490,'Stephanie Fernandez','1978-06-21','7869 Eric Manors Apt. 451 Hollyville, AL 60537','Patient','80'),(491,'Raymond Phillips','1953-04-21','PSC 9217, Box 3240 APO AE 21680','Patient','68'),(492,'Stephanie Bishop','2002-03-18','6808 Ware Harbor Suite 789 Karenton, GA 63306','Patient','38'),(493,'Katherine Dennis','1942-11-27','85388 Stephanie Plaza West Lauraview, PA 57502','Patient','36'),(494,'Lawrence Reynolds','1942-04-19','03847 Meyer Manors Patriciaborough, NV 04056','Patient','61'),(495,'Dr. Lisa Morales','1997-12-02','17257 Edwards Stream Millerstad, RI 50284','Patient','47'),(496,'Sandra Green','1958-03-24','1485 Jeffery Hill West Anthonyborough, MD 94903','Patient','42'),(497,'David Perry','2017-07-31','62901 Medina Land Suite 780 Kingberg, WA 35432','Patient','13'),(498,'Herbert Pena','1960-03-05','223 Good Camp West Stevenville, KS 23636','Patient','71'),(499,'Tony Mills','1934-10-10','961 Bishop Fork Navarroshire, AL 52380','Patient','99'),(500,'Jake Allen','2006-09-05','6556 Carlson Trafficway Apt. 410 East Tiffanyville, WA 38893','Patient','81'),(501,'Alexandria Kim','1980-04-07','9888 Bright Streets Apt. 880 Davidchester, CT 16927','Patient','10'),(502,'Bethany Barker','1950-11-12','62759 Pamela Crossing Suite 605 Mooreton, NE 47876','Patient','27'),(503,'Pamela Bullock','2012-01-03','9319 Smith Mill Suite 504 Monicaberg, CA 49121','Patient','19'),(504,'William Neal','1940-09-14','17948 Matthew Lane West Julietown, PA 59173','Patient','61'),(505,'Jack Duncan','1966-01-14','190 Johnny Mountains Watsonland, ND 84891','Patient','9'),(506,'Carmen Douglas','1997-09-12','920 Alexandra Crest Suite 929 East Tina, AL 07312','Patient','14'),(507,'Michael Moreno','1984-04-03','629 Grimes Coves Apt. 992 Lake George, LA 93105','Patient','45'),(508,'Theresa Johnson','1989-04-24','7037 Carol Viaduct Apt. 683 Hamiltonfurt, MD 75280','Patient','89'),(509,'Heather Callahan','1967-10-27','49769 Carroll Freeway Mckinneyburgh, ND 38184','Patient','12'),(510,'Jacob Ingram','1942-02-10','68117 Hernandez Lakes Walshchester, LA 23942','Patient','17'),(511,'Sandra Underwood','2015-04-27','84514 Morgan Trail Suite 693 Lake Desiree, LA 06860','Patient','51'),(512,'Angela Holmes MD','1989-04-18','5126 Rhonda Skyway West Russelltown, CT 73247','Patient','71'),(513,'Madeline Richardson','2020-01-01','2621 Holly Rapid Suite 769 North Josephfurt, MD 96456','Patient','88'),(514,'Amanda Brown','2018-01-04','21996 Wilson Inlet Wendyshire, AZ 26764','Patient','73'),(515,'Andrea Larson DVM','1968-01-13','USNS Simmons FPO AP 51644','Patient','25'),(516,'Megan Lin','2006-10-02','493 Deanna Cliff Ashleyville, IL 04011','Patient','1'),(517,'Thomas Richardson','1949-04-17','279 Lee Fields Apt. 043 West Melissaside, IL 25767','Patient','60'),(518,'Christopher Taylor','1936-10-25','87499 Kara Route North Stephanie, VA 91395','Patient','84'),(519,'Dr. Sarah Carlson DVM','1985-02-26','622 William Haven Apt. 146 Williamville, CO 59204','Patient','1'),(520,'Virginia Burke','1937-04-04','149 Bryan Manor Apt. 402 Munozstad, WA 23459','Patient','97'),(521,'Daniel Douglas','1948-03-27','14994 Brian Stream Franklinchester, SC 22896','Patient','50'),(522,'David Walsh','1952-11-27','USS Moore FPO AA 04494','Patient','94'),(523,'Jennifer Clements','1997-03-27','3451 Dalton Roads Vazquezport, PA 03155','Patient','18'),(524,'Wanda Jensen','1964-07-22','667 Sarah Harbors Apt. 385 North Christopherstad, CT 29729','Patient','21'),(525,'Tiffany Duncan','1947-08-15','009 Bennett Stream Suite 843 East Robert, AL 61604','Patient','47'),(526,'Aaron Hale','2003-04-11','9519 Alyssa Port Suite 376 Whitefort, PA 67141','Patient','56'),(527,'Lauren May','1961-08-06','4953 Taylor Loaf Suite 590 New Kevinville, CT 53587','Patient','55'),(528,'Eric Sanchez','1960-07-22','27388 Michaela Knolls Johnton, LA 14971','Patient','46'),(529,'Kelly Jarvis','1992-09-25','93601 Vega Falls Apt. 853 South Paul, AK 77673','Patient','61'),(530,'Charles Johnson','1983-01-13','35308 April Rapids Suite 223 Lopezberg, KY 77305','Patient','87'),(531,'Mr. James Phelps','2000-05-10','694 Mays Cliffs Apt. 642 Sheilamouth, OH 50340','Patient','5'),(532,'Michael Yang','1936-11-09','8573 Kelly Course Suite 592 Morrisonside, MO 18930','Patient','83'),(533,'Melinda Thomas','1987-07-19','148 Pratt Harbor Suite 132 Watkinsbury, UT 55355','Patient','17'),(534,'Carla White PhD','1937-08-30','9835 Andersen Parks Gallagherville, OH 11082','Patient','100'),(535,'Tommy Mccann','1943-06-01','51884 Dennis Place Apt. 589 Port Melissa, WV 25620','Patient','45'),(536,'Jaime Gonzales','1952-10-06','667 Mario River Apt. 600 Briannaland, NY 09443','Patient','65'),(537,'Jeffrey Oliver','1974-09-06','881 Matthew Plains Port Frankhaven, MT 61627','Patient','77'),(538,'Jessica Drake','1979-03-06','52905 Logan Greens Apt. 723 Arnoldfort, AL 05914','Patient','66'),(539,'Renee Allen','1936-04-26','198 Keller Inlet Williamsfurt, AR 45737','Patient','4'),(540,'Joseph Dodson','1937-10-03','027 Tiffany Squares North Daisy, MA 06096','Patient','19'),(541,'Samuel Allen II','2006-08-10','4754 Kathy Well Suite 846 Edwinstad, FL 13705','Patient','82'),(542,'Mrs. Caroline Mcgee','1990-10-29','277 Hernandez Views Apt. 589 Laurenburgh, NM 82912','Patient','43'),(543,'Christopher Zimmerman','1958-09-18','773 Garrison Isle Port Allisonside, NC 05032','Patient','11'),(544,'Mark Stein','1943-04-25','31474 Dawson Rapid Suite 079 East Tony, MS 46254','Patient','11'),(545,'Natasha Murray MD','1995-12-01','10053 Scott Avenue Lindahaven, MN 76946','Patient','78'),(546,'Gabriela Sullivan','1942-02-09','USS Thompson FPO AA 74100','Patient','36'),(547,'Brittany Baker','1986-09-07','801 Curtis Forge Apt. 534 West Christopher, DC 61732','Patient','26'),(548,'Michael Kaiser','1960-01-11','61204 Cooper Mountain Hillstad, HI 86469','Patient','38'),(549,'Anthony Sharp','1948-08-27','87128 Austin Mountains Lake Amystad, MN 38784','Patient','99'),(550,'Andrew Johnson','1973-03-06','1789 Turner Keys Apt. 631 South Richard, PA 54667','Patient','48'),(551,'Ronald Ortiz','1999-08-08','89944 Martin Valley East Allison, TX 79014','Patient','20'),(552,'Kimberly Jackson','1983-09-18','PSC 0732, Box 7324 APO AE 76655','Patient','44'),(553,'David Boyd','2003-05-04','71279 Nelson Cove Apt. 075 Port Brent, AK 18537','Patient','92'),(554,'Paul Allen','1936-09-13','92148 Samuel Valley Beckermouth, RI 91303','Patient','91'),(555,'Robert Yu','1968-02-29','5400 Susan Extensions Apt. 029 New Natasha, MN 88009','Patient','87'),(556,'Sara Smith','1970-03-17','61359 Michael Fall Stephanietown, WY 81612','Patient','76'),(557,'Jennifer Smith','1970-01-18','35762 Collins Lock East Crystalton, MS 08983','Patient','68'),(558,'Brandon Jordan','1961-06-10','8745 Shawn Views Suite 488 West James, MD 78234','Patient','60'),(559,'Andrew Crawford','1983-10-25','415 Clark Trail Elizabethton, MN 02455','Patient','11'),(560,'Cory Rivera','1987-12-24','3449 Susan Village Apt. 096 North Christopher, TX 46051','Patient','81'),(561,'Randy Herrera','2024-11-07','8080 Martin Corners Amberburgh, TN 84628','Patient','75'),(562,'Michael Thompson','2000-06-01','6819 Jim Highway Johnsonfurt, CT 87206','Patient','37'),(563,'Michael Young','1957-05-02','PSC 2086, Box 6397 APO AA 60576','Patient','2'),(564,'Timothy Sheppard','1980-11-08','944 Justin Villages Port Johnview, OK 50140','Patient','96'),(565,'Shelley Smith','1934-05-29','18558 Elizabeth Route South David, RI 03995','Patient','40'),(566,'Molly Gonzalez','1965-06-05','418 Fitzgerald Plain Apt. 930 West Patriciastad, MO 25621','Patient','41'),(567,'Walter Park','1944-04-27','74406 Knapp Roads Suite 952 Williamshaven, WA 07138','Patient','40'),(568,'Melissa Le','1946-05-14','261 Daniel Trace Waltonport, KY 48895','Patient','90'),(569,'Dennis Bruce','1956-04-15','32139 Knight Island Suite 163 Kennedyshire, TN 18607','Patient','3'),(570,'Matthew Fleming DDS','1944-05-06','5391 Rodriguez Mills Suite 035 East Michael, SC 32279','Patient','69'),(571,'Joshua Sullivan','1987-10-16','3637 Felicia Walks Port Ronaldview, MN 08383','Patient','92'),(572,'Erin Carroll','1971-06-27','80657 Bethany Burgs Apt. 533 Nicholasville, OR 12371','Patient','5'),(573,'Nancy House','1953-03-31','89579 Christopher Fall Johnfort, NE 02014','Patient','84'),(574,'Joshua Peters','1960-01-08','7171 Jennifer Course Suite 626 Williamsview, NE 23872','Patient','26'),(575,'Kristen Holt','2014-12-02','38141 Reynolds Freeway Port Andrefurt, WA 38839','Patient','9'),(576,'Dalton Lawson','1963-10-19','59637 Kyle Streets Suite 918 Claireside, KY 55574','Patient','43'),(577,'Meagan Hernandez','1945-09-19','82694 Kristen Crescent Apt. 250 Lisamouth, TN 08512','Patient','80'),(578,'Craig Mitchell','2021-04-19','432 Jill Roads Apt. 417 Port Brandonmouth, GA 80324','Patient','72'),(579,'Jessica Yang','1947-01-01','94460 Tami Mount Colleenstad, WA 90113','Patient','88'),(580,'Brittany Brown','1948-01-27','479 Rachel Alley Davisfort, VT 27386','Patient','36'),(581,'Becky Taylor','1936-06-28','37389 Sheryl Stream Christineberg, AL 89272','Patient','28'),(582,'Tabitha Hicks','1961-01-21','209 Fletcher Dale Suite 708 Burgessbury, NH 33975','Patient','18'),(583,'Mary Stewart','2011-08-17','68791 Murray Ridge Suite 876 Christineville, NJ 03967','Patient','8'),(584,'Diana Johnson','2006-04-28','5446 Ebony Mountains Port Joshuachester, CA 74199','Patient','87'),(585,'Adam Schmidt','2022-12-25','84560 Scott Wall Abigailburgh, ND 70510','Patient','32'),(586,'Joshua Oconnell','2007-10-06','485 Beck Islands Parksmouth, GA 82697','Patient','47'),(587,'Mrs. Abigail Hubbard','1948-04-22','83965 Rhonda Cliff Roberttown, PA 55723','Patient','95'),(588,'Ralph Davidson','2003-07-25','26506 Jonathon Tunnel Ballmouth, NC 05536','Patient','3'),(589,'Thomas Daugherty','1976-04-10','52200 Aaron Village Apt. 833 Melendezchester, LA 47090','Patient','39'),(590,'James Patterson','2016-03-01','92435 Mendoza Manors Suite 843 Rodriguezport, OK 45290','Patient','73'),(591,'Cynthia Simmons','1948-11-27','667 Kyle Cove Port Angela, NY 73379','Patient','84'),(592,'Kathleen Bryan','1967-11-08','4390 Fuentes Dale Apt. 761 Lake Carlatown, ND 41472','Patient','72'),(593,'Michele Vaughn','1960-09-11','983 Shannon Light Suite 147 Younghaven, FL 32092','Patient','15'),(594,'Antonio Cook','2006-12-05','86877 Christine Path Maloneland, FL 76268','Patient','31'),(595,'Joshua Barry','2024-03-31','170 Jennifer Port Suite 623 North Courtney, IA 38815','Patient','93'),(596,'Brittany Wells','1950-08-09','238 Randy Estate Tylerhaven, VT 03762','Patient','91'),(597,'Eugene Parks','2018-10-17','527 Goodman Point Suite 231 Weaverchester, NE 07010','Patient','16'),(598,'Kevin Hart','2005-01-17','534 Richard Mill Timothyberg, CO 07286','Patient','93'),(599,'Mike Morgan','1941-12-15','3459 Atkinson Stream Laurenville, VA 94215','Patient','6'),(600,'Nicholas Perkins','1984-02-05','4963 Horton Village Lisatown, CA 36037','Patient','33'),(601,'Richard Hill','1973-03-10','989 Nina Causeway Brittanyside, OH 32666','Patient','96'),(602,'Jose Brown','2000-04-26','497 Anderson Heights New Bruce, WI 13471','Patient','55'),(603,'Ashley Glenn','1989-10-27','9706 Castaneda Light Robinsonland, NJ 17975','Patient','15'),(604,'Jason Odonnell','1949-08-18','61810 Wells Inlet Harrisview, MI 01175','Patient','66'),(605,'Michael Thomas','1948-09-07','829 Jennifer Springs South Robertchester, ME 67077','Patient','24'),(606,'Brittany Huff','1989-02-06','98620 Michael Mall Apt. 671 Aliciaville, NY 47082','Patient','20'),(607,'Jason Landry','1985-05-15','554 Mosley Plaza Apt. 379 Gregoryhaven, IL 45697','Patient','17'),(608,'David Lopez','1983-07-25','707 Newton Pass Apt. 728 Lake Tony, CT 07964','Patient','75'),(609,'Sean Edwards','1958-12-19','03681 Phillips Ramp Suite 582 Paulport, TN 73010','Patient','70'),(610,'Craig Kidd','1948-10-31','015 Powers Dale Suite 575 Port Michael, OH 01097','Patient','37'),(611,'Catherine Hall','2003-03-01','075 Shelton Station Apt. 212 East Julia, NJ 63820','Patient','25'),(612,'Amy Garcia','2018-12-21','076 Tucker Club Suite 367 North Vickie, NH 66288','Patient','17'),(613,'Nancy Jones','1991-10-27','Unit 9362 Box 9178 DPO AE 58447','Patient','77'),(614,'Taylor Knox','1942-01-16','12467 Reynolds Keys Apt. 110 Anthonyberg, MO 24740','Patient','99'),(615,'Adam Johnson','2008-08-28','USCGC Valenzuela FPO AE 29568','Patient','9'),(616,'Gwendolyn Hendrix','1951-03-18','057 Lynch Bridge Suite 881 North Melanie, VT 21009','Patient','21'),(617,'Lisa Patterson','1970-03-18','95080 John Mills Suite 227 Campbellmouth, NH 99240','Patient','40'),(618,'Stephen Lane','2018-12-21','97484 Torres Rue Johnsontown, NC 73548','Patient','5'),(619,'Ashley Thomas','2005-10-10','2645 Timothy Lodge Suite 291 Thompsonhaven, NE 14360','Patient','31'),(620,'Ricky Herrera','1980-09-18','8667 Susan Circles Suite 174 Ashleychester, WA 43647','Patient','32'),(621,'Colin Houston','1955-02-03','9284 Miller Islands Charlesstad, VA 22215','Patient','78'),(622,'Matthew Keller','1950-10-05','58536 Lowery Flat Shermanview, VA 38074','Patient','70'),(623,'Sheri Collins','1987-08-11','5724 Brenda Lane Jacktown, WI 39775','Patient','36'),(624,'Jason Johnson','2008-07-12','78824 Holly Mall North Pamela, TN 08402','Patient','89'),(625,'Kevin Bell','1955-08-02','PSC 6908, Box 5074 APO AP 55035','Patient','46'),(626,'Robert Graham','1944-04-09','506 Jennifer Spring West Jackbury, MT 90224','Patient','78'),(627,'Victoria Friedman','1963-02-03','022 Lori Parkway Apt. 664 Brandonberg, LA 58573','Patient','44'),(628,'Christopher Taylor','1946-08-21','161 Jessica Neck Lake Jennifer, DE 16752','Patient','95'),(629,'Laurie Carney','1963-03-12','739 Erin Fork East Steventown, LA 38342','Patient','51'),(630,'Tyler Salinas DDS','2023-09-17','3052 White Valley Port Jamie, MO 89014','Patient','90'),(631,'Kimberly Miller','2017-11-07','011 Perez Extensions Apt. 173 Courtneystad, NJ 81666','Patient','12'),(632,'Kathryn Holland','1981-11-17','7483 Amy Unions Gutierrezstad, RI 22240','Patient','60'),(633,'Kyle Pierce','1997-05-27','88630 Brock Overpass Suite 995 Campbellfurt, MD 21201','Patient','41'),(634,'Jacob Scott','1986-05-17','8766 Cortez Estates West Davidborough, NC 15640','Patient','44'),(635,'Darryl Gray','2013-04-16','3335 Ronald Loop West Jacob, MD 23148','Patient','91'),(636,'William Reynolds','1968-12-20','184 Michelle Forge New Emily, MA 21963','Patient','43'),(637,'Donna Franklin','1995-05-02','3650 Wise Crossroad Apt. 814 North Robertshire, DE 25110','Patient','78'),(638,'Benjamin Anderson','1994-03-09','3167 Allen Lock North Richard, IA 08847','Patient','78'),(639,'Tasha Norton','1942-04-11','358 Rogers Ridges Apt. 260 South Jasonshire, MO 43509','Patient','31'),(640,'Samantha Torres','2021-06-07','71120 Davis Port Apt. 538 Jeffreybury, CA 56070','Patient','49'),(641,'Steven Rodriguez','1957-07-22','4444 Lambert Fall Nathanchester, KY 88291','Patient','34'),(642,'Jasmine Cruz','2002-07-12','717 Jennifer Springs Apt. 899 New Howardberg, WA 38713','Patient','50'),(643,'Yvonne Wright','1938-01-04','PSC 8197, Box 0280 APO AA 32580','Patient','71'),(644,'Michaela Ramsey','1951-11-17','384 John Station West Nicole, SD 69122','Patient','30'),(645,'Gina Chen','1946-08-01','724 Candice Bridge Apt. 882 East Sylvia, AK 68292','Patient','17'),(646,'Michael Hubbard','1974-05-28','434 Kathryn Village Apt. 391 Jillland, TX 63563','Patient','75'),(647,'Marissa Ellis','1939-01-08','27148 Christopher Knoll Apt. 026 Deniseberg, SC 47407','Patient','57'),(648,'Alicia Phillips','1945-12-13','11435 Smith Overpass New Natalieside, WV 78687','Patient','48'),(649,'Donna Gamble','1978-04-10','174 Ashley Ford Millershire, ND 85314','Patient','12'),(650,'Craig Bennett','1946-07-25','286 Hanna Parks Suite 259 Lucasbury, OK 92307','Patient','19'),(651,'Joseph Day','1978-01-15','782 David Views Apt. 031 East Rebeccamouth, PA 15324','Patient','16'),(652,'Andrew Smith','1987-08-11','71868 Byrd Harbor Suite 590 Choiside, MA 85000','Patient','70'),(653,'Jason Mclaughlin','1999-05-04','7168 Peter Stravenue Apt. 954 East Derrick, DE 64547','Patient','37'),(654,'Paula Coleman','1988-11-18','71015 Harris Ridges Suite 046 Larryhaven, MD 33980','Patient','15'),(655,'Jennifer Sullivan','1967-09-21','05373 Donna Meadows Apt. 676 West Calvin, CO 41503','Patient','85'),(656,'Mrs. Kimberly Valenzuela','1989-03-24','329 Vasquez Avenue New Samantha, NC 87697','Patient','45'),(657,'Jennifer Martin','1998-02-27','Unit 8161 Box 1900 DPO AP 86050','Patient','83'),(658,'Isaac Foley','2021-11-13','USS Bond FPO AP 26644','Patient','81'),(659,'Courtney Williams','1959-02-15','620 Emily Key Suite 842 Port James, AZ 91215','Patient','62'),(660,'Melissa Johnson','1936-08-04','0769 Melinda Extensions Apt. 975 Lake Sarahborough, NV 59057','Patient','81'),(661,'Ashley Frazier','2023-06-07','936 Faith Point Apt. 511 Jacksonland, VA 01892','Patient','59'),(662,'Taylor Jones','1979-05-02','27190 Morales Ferry Apt. 324 South Nicoleside, RI 31484','Patient','61'),(663,'Kristin Davis','1962-06-24','PSC 9252, Box 8997 APO AA 98468','Patient','89'),(664,'Johnny Wood','1982-02-18','6622 Lucero Crossing Suite 885 Odomtown, LA 10090','Patient','34'),(665,'Michael Marshall','1938-04-26','423 Collins Keys Apt. 878 Port Joy, LA 03781','Patient','31'),(666,'Nicole Watson','1981-09-14','8219 Katherine Junction Apt. 062 Lake Robert, KY 94058','Patient','52'),(667,'Kristen Johnson','2007-05-01','994 Julie Route Apt. 720 Port Joymouth, MD 60382','Patient','76'),(668,'James Gregory','2007-10-12','98551 Walker Square New Christon, NY 22456','Patient','13'),(669,'Kyle Gregory','1983-04-14','33785 Chan Ways Apt. 857 West Ashley, MS 98380','Patient','88'),(670,'Michael Shaffer','1935-08-30','PSC 1575, Box 1868 APO AP 31458','Patient','100'),(671,'Kyle Potts','1991-06-08','48504 Parker Views Lake Tracy, WA 08483','Patient','71'),(672,'Hector Nguyen','1969-09-04','34692 Turner Brooks Walkerchester, NC 86508','Patient','29'),(673,'Mariah Young','1971-06-30','78163 Bianca Expressway Apt. 248 New Jasonstad, CO 11568','Patient','77'),(674,'Melissa Harris','2021-05-18','Unit 6936 Box 2117 DPO AE 23484','Patient','81'),(675,'Angela Kirby','1978-01-28','PSC 0656, Box 4834 APO AA 46239','Patient','96'),(676,'Timothy Fuller','2013-03-23','2015 Williams Run Chaseside, ID 41168','Patient','88'),(677,'Greg Tucker','2004-03-14','2636 Sarah Junction Milesmouth, TN 77458','Patient','76'),(678,'Lynn Ellis','1946-08-16','23269 Price Curve Suite 744 Mooreshire, IA 41272','Patient','53'),(679,'Becky Roberts','2015-08-22','7450 Williams Well Apt. 406 Trevorport, OH 41097','Patient','10'),(680,'Toni Hall','1994-03-17','69230 Hunter Knoll West Sarah, AL 60798','Patient','89'),(681,'Karen Lee','1941-06-19','531 Smith Common Suite 936 Brianshire, NM 73429','Patient','30'),(682,'Kenneth Jones','1990-03-19','69817 Carter Drives North Susanview, MA 43940','Patient','98'),(683,'Laura Reed','1982-01-28','6100 Horn Wall Brownberg, NM 76424','Patient','52'),(684,'Joseph Gamble','1951-07-09','USCGC Cole FPO AE 57962','Patient','66'),(685,'Gloria Vaughn','1973-03-18','59391 William Street North Lindaberg, MD 06408','Patient','49'),(686,'Christina Turner','1968-06-08','790 Angela Via Powerstown, KS 56771','Patient','85'),(687,'Mark Williams','2015-04-24','560 Philip Divide Apt. 096 Davisbury, MA 04348','Patient','69'),(688,'Lauren Evans','2000-08-30','911 Larry Harbors Apt. 451 New Patricia, OH 95544','Patient','49'),(689,'Caitlin Gardner','1980-12-17','20178 Daisy Creek Apt. 578 East Rebeccaton, DE 63084','Patient','78'),(690,'Christian Ayala','1952-12-11','32861 Abbott Run Suite 956 South Robert, RI 03656','Patient','91'),(691,'Matthew Mcdaniel','1955-05-16','USS Davis FPO AA 38209','Patient','80'),(692,'David Collins','1971-04-22','PSC 2663, Box 8243 APO AP 55440','Patient','28'),(693,'Matthew Martinez','1988-04-03','6898 Stevenson Mountains Port Joshuaton, ME 81180','Patient','7'),(694,'Sara Gonzalez','1995-09-28','Unit 5833 Box 9565 DPO AE 68891','Patient','90'),(695,'Leonard Hall','1982-08-03','93415 Perry Valleys Waynehaven, NH 01159','Patient','69'),(696,'Janet Hampton','1998-11-02','21350 Harrison Shoals West Christopher, MO 20125','Patient','79'),(697,'Mrs. Taylor Chambers','1967-10-13','9638 James Extensions Apt. 717 Thomasville, ME 77944','Patient','73'),(698,'Nicole Johnson','1986-08-30','17946 Sharon Walks Suite 958 Brownport, TX 35479','Patient','15'),(699,'Cassandra Prince','1940-01-29','1028 Horton Freeway Wesleyburgh, CA 68268','Patient','53'),(700,'Donald Collins','1966-06-19','68277 Anderson Village Apt. 988 Rebeccamouth, NJ 23736','Patient','85'),(701,'John Willows','2003-12-02','7710 Spencer Trace Apt. 108 Simmonfurt CO 57537','Patient','35');
/*!40000 ALTER TABLE `patients` ENABLE KEYS */;
UNLOCK TABLES;

--
-- Table structure for table `prescriptions`
--

DROP TABLE IF EXISTS `prescriptions`;
/*!40101 SET @saved_cs_client     = @@character_set_client */;
/*!50503 SET character_set_client = utf8mb4 */;
CREATE TABLE `prescriptions` (
  `prescription_id` int unsigned NOT NULL AUTO_INCREMENT,
  `patient_id` varchar(150) NOT NULL,
  `doctor_id` varchar(150) NOT NULL,
  `medication` varchar(150) NOT NULL,
  `prescription_date` date NOT NULL,
  PRIMARY KEY (`prescription_id`)
) ENGINE=InnoDB AUTO_INCREMENT=501 DEFAULT CHARSET=utf8mb4 COLLATE=utf8mb4_0900_ai_ci;
/*!40101 SET character_set_client = @saved_cs_client */;

--
-- Dumping data for table `prescriptions`
--

LOCK TABLES `prescriptions` WRITE;
/*!40000 ALTER TABLE `prescriptions` DISABLE KEYS */;
INSERT INTO `prescriptions` VALUES (1,'345','68','Lisinopril','2023-10-23'),(2,'631','12','Atorvastatin','2023-04-11'),(3,'500','81','Lisinopril','2023-10-26'),(4,'570','69','Omeprazole','2023-08-08'),(5,'303','3','Aspirin','2023-12-10'),(6,'370','27','Lisinopril','2024-01-09'),(7,'634','44','Paracetamol','2024-01-03'),(8,'444','61','Amoxicillin','2024-11-05'),(9,'323','52','Ibuprofen','2024-04-30'),(10,'420','58','Omeprazole','2024-12-05'),(11,'507','45','Simvastatin','2025-01-13'),(12,'611','25','Atorvastatin','2023-11-01'),(13,'685','49','Ibuprofen','2024-11-24'),(14,'293','59','Simvastatin','2024-01-23'),(15,'340','60','Atorvastatin','2024-05-04'),(16,'441','66','Atorvastatin','2024-08-22'),(17,'505','9','Metformin','2024-03-14'),(18,'652','70','Losartan','2025-01-23'),(19,'621','78','Omeprazole','2024-01-06'),(20,'584','87','Simvastatin','2025-01-01'),(21,'639','31','Atorvastatin','2023-10-03'),(22,'609','70','Omeprazole','2023-03-27'),(23,'434','69','Ibuprofen','2023-04-22'),(24,'581','28','Losartan','2023-10-05'),(25,'313','18','Amoxicillin','2024-04-25'),(26,'336','69','Omeprazole','2024-11-07'),(27,'218','65','Atorvastatin','2023-08-30'),(28,'189','18','Omeprazole','2024-11-14'),(29,'619','31','Amoxicillin','2023-07-23'),(30,'312','35','Amoxicillin','2023-10-24'),(31,'224','96','Amoxicillin','2023-11-12'),(32,'650','19','Omeprazole','2025-03-07'),(33,'289','37','Metformin','2024-12-11'),(34,'386','43','Amoxicillin','2025-01-20'),(35,'397','83','Paracetamol','2024-12-26'),(36,'469','56','Atorvastatin','2025-02-04'),(37,'422','7','Omeprazole','2024-09-28'),(38,'165','97','Amoxicillin','2023-04-25'),(39,'254','36','Amoxicillin','2024-11-14'),(40,'253','42','Simvastatin','2025-01-31'),(41,'646','75','Lisinopril','2024-06-14'),(42,'449','21','Omeprazole','2023-11-14'),(43,'664','34','Simvastatin','2023-12-17'),(44,'398','48','Losartan','2023-07-25'),(45,'498','71','Atorvastatin','2023-09-07'),(46,'503','19','Lisinopril','2024-07-21'),(47,'222','86','Metformin','2025-03-04'),(48,'626','78','Paracetamol','2025-01-24'),(49,'199','58','Aspirin','2023-03-30'),(50,'160','78','Losartan','2023-11-03'),(51,'348','45','Paracetamol','2024-05-06'),(52,'438','85','Lisinopril','2024-09-20'),(53,'318','19','Omeprazole','2024-05-13'),(54,'449','21','Aspirin','2023-03-23'),(55,'332','63','Atorvastatin','2023-10-27'),(56,'115','26','Omeprazole','2024-04-21'),(57,'400','6','Lisinopril','2023-11-28'),(58,'144','92','Atorvastatin','2025-01-03'),(59,'212','49','Aspirin','2025-01-16'),(60,'610','37','Paracetamol','2024-01-04'),(61,'526','56','Aspirin','2025-02-15'),(62,'256','36','Aspirin','2023-07-08'),(63,'429','58','Metformin','2024-02-17'),(64,'422','7','Paracetamol','2023-04-10'),(65,'454','52','Lisinopril','2024-04-21'),(66,'481','81','Losartan','2024-04-11'),(67,'234','84','Metformin','2025-01-10'),(68,'117','58','Omeprazole','2023-09-10'),(69,'135','64','Metformin','2023-08-11'),(70,'602','55','Metformin','2024-01-10'),(71,'252','95','Atorvastatin','2024-04-28'),(72,'359','62','Ibuprofen','2023-05-04'),(73,'476','85','Omeprazole','2023-03-26'),(74,'183','73','Lisinopril','2025-02-14'),(75,'151','3','Amoxicillin','2024-04-25'),(76,'344','6','Ibuprofen','2024-01-31'),(77,'567','40','Amoxicillin','2024-05-22'),(78,'235','43','Omeprazole','2024-06-11'),(79,'126','39','Metformin','2023-06-21'),(80,'241','94','Ibuprofen','2024-07-16'),(81,'629','51','Atorvastatin','2024-06-02'),(82,'632','60','Ibuprofen','2024-10-13'),(83,'249','18','Aspirin','2024-11-22'),(84,'481','81','Losartan','2024-11-19'),(85,'401','36','Omeprazole','2024-04-25'),(86,'527','55','Losartan','2025-02-25'),(87,'241','94','Paracetamol','2024-10-27'),(88,'434','69','Ibuprofen','2024-05-06'),(89,'602','55','Lisinopril','2023-06-25'),(90,'660','81','Paracetamol','2023-12-31'),(91,'657','83','Aspirin','2023-07-28'),(92,'102','68','Amoxicillin','2024-10-17'),(93,'267','6','Atorvastatin','2024-04-25'),(94,'201','94','Ibuprofen','2025-03-10'),(95,'153','85','Losartan','2024-11-11'),(96,'402','20','Metformin','2023-06-04'),(97,'503','19','Simvastatin','2024-04-26'),(98,'586','47','Metformin','2023-11-03'),(99,'379','13','Ibuprofen','2024-11-06'),(100,'675','96','Atorvastatin','2024-12-10'),(101,'672','29','Metformin','2023-07-01'),(102,'274','53','Simvastatin','2024-12-16'),(103,'341','98','Omeprazole','2023-04-26'),(104,'501','10','Omeprazole','2023-04-12'),(105,'589','39','Aspirin','2023-09-11'),(106,'422','7','Atorvastatin','2024-01-28'),(107,'545','78','Losartan','2023-09-09'),(108,'139','78','Atorvastatin','2023-10-18'),(109,'443','76','Metformin','2024-06-22'),(110,'675','96','Omeprazole','2024-07-20'),(111,'159','12','Losartan','2025-03-10'),(112,'598','93','Atorvastatin','2024-05-25'),(113,'529','61','Amoxicillin','2024-07-11'),(114,'693','7','Amoxicillin','2024-03-08'),(115,'302','29','Losartan','2025-03-02'),(116,'667','76','Atorvastatin','2024-06-02'),(117,'298','58','Paracetamol','2023-04-03'),(118,'323','52','Amoxicillin','2023-12-22'),(119,'434','69','Atorvastatin','2024-09-12'),(120,'469','56','Metformin','2023-06-01'),(121,'137','24','Metformin','2025-03-18'),(122,'188','93','Aspirin','2023-05-24'),(123,'645','17','Amoxicillin','2024-03-15'),(124,'589','39','Amoxicillin','2023-07-17'),(125,'158','90','Metformin','2024-07-13'),(126,'484','69','Metformin','2024-05-09'),(127,'649','12','Ibuprofen','2024-11-11'),(128,'299','71','Amoxicillin','2023-04-01'),(129,'545','78','Losartan','2024-11-24'),(130,'243','33','Losartan','2025-01-09'),(131,'195','80','Atorvastatin','2024-12-19'),(132,'573','84','Ibuprofen','2023-03-30'),(133,'420','58','Paracetamol','2023-11-06'),(134,'267','6','Paracetamol','2024-12-02'),(135,'182','41','Ibuprofen','2023-05-15'),(136,'261','1','Atorvastatin','2023-12-30'),(137,'607','17','Aspirin','2024-10-19'),(138,'394','38','Ibuprofen','2023-06-18'),(139,'227','49','Simvastatin','2023-09-08'),(140,'645','17','Losartan','2024-11-20'),(141,'323','52','Losartan','2023-08-02'),(142,'562','37','Aspirin','2025-02-22'),(143,'273','44','Aspirin','2024-10-22'),(144,'604','66','Atorvastatin','2025-01-31'),(145,'658','81','Aspirin','2024-02-06'),(146,'608','75','Losartan','2024-02-13'),(147,'405','87','Metformin','2024-10-08'),(148,'540','19','Losartan','2023-12-08'),(149,'516','1','Metformin','2023-05-17'),(150,'629','51','Simvastatin','2024-07-06'),(151,'664','34','Ibuprofen','2024-09-20'),(152,'147','34','Losartan','2024-02-13'),(153,'161','51','Metformin','2025-02-01'),(154,'680','89','Paracetamol','2024-10-17'),(155,'504','61','Aspirin','2023-05-26'),(156,'226','44','Aspirin','2024-08-27'),(157,'105','14','Paracetamol','2023-03-24'),(158,'324','8','Metformin','2024-05-04'),(159,'347','59','Simvastatin','2023-04-01'),(160,'684','66','Omeprazole','2024-06-29'),(161,'544','11','Metformin','2025-03-20'),(162,'198','44','Metformin','2024-03-01'),(163,'413','79','Omeprazole','2023-09-21'),(164,'700','85','Simvastatin','2024-12-10'),(165,'549','99','Omeprazole','2023-04-06'),(166,'299','71','Aspirin','2024-04-24'),(167,'604','66','Losartan','2023-09-04'),(168,'414','22','Paracetamol','2024-08-08'),(169,'231','67','Lisinopril','2024-10-05'),(170,'261','1','Losartan','2023-07-05'),(171,'109','71','Paracetamol','2025-01-15'),(172,'209','61','Losartan','2023-05-11'),(173,'187','96','Simvastatin','2024-06-10'),(174,'653','37','Aspirin','2023-11-19'),(175,'379','13','Simvastatin','2024-03-02'),(176,'491','68','Omeprazole','2024-02-14'),(177,'103','23','Losartan','2025-03-20'),(178,'540','19','Aspirin','2023-05-03'),(179,'575','9','Omeprazole','2023-11-05'),(180,'238','56','Atorvastatin','2023-09-25'),(181,'152','95','Lisinopril','2023-12-15'),(182,'631','12','Amoxicillin','2024-06-09'),(183,'444','61','Ibuprofen','2024-07-08'),(184,'263','22','Paracetamol','2024-12-01'),(185,'501','10','Metformin','2023-08-30'),(186,'660','81','Ibuprofen','2023-11-13'),(187,'477','7','Paracetamol','2023-05-06'),(188,'486','10','Paracetamol','2023-09-03'),(189,'488','49','Omeprazole','2023-12-03'),(190,'121','34','Aspirin','2024-08-01'),(191,'353','23','Atorvastatin','2024-04-14'),(192,'489','27','Amoxicillin','2024-12-12'),(193,'139','78','Simvastatin','2024-01-30'),(194,'403','17','Simvastatin','2023-08-09'),(195,'215','43','Metformin','2024-06-30'),(196,'574','26','Ibuprofen','2024-04-19'),(197,'445','46','Losartan','2024-11-07'),(198,'230','54','Metformin','2023-08-20'),(199,'568','90','Lisinopril','2024-07-18'),(200,'587','95','Amoxicillin','2024-05-19'),(201,'123','67','Losartan','2025-03-02'),(202,'229','11','Atorvastatin','2023-08-31'),(203,'509','12','Ibuprofen','2023-10-14'),(204,'137','24','Metformin','2023-04-13'),(205,'312','35','Aspirin','2023-06-04'),(206,'146','93','Lisinopril','2025-03-03'),(207,'102','68','Atorvastatin','2024-06-14'),(208,'235','43','Metformin','2024-01-17'),(209,'497','13','Omeprazole','2024-06-03'),(210,'606','20','Simvastatin','2023-07-17'),(211,'314','22','Atorvastatin','2023-06-22'),(212,'297','87','Simvastatin','2024-05-07'),(213,'317','27','Aspirin','2023-05-18'),(214,'106','87','Atorvastatin','2023-06-08'),(215,'425','99','Atorvastatin','2024-10-22'),(216,'553','92','Ibuprofen','2024-06-27'),(217,'393','34','Simvastatin','2024-02-02'),(218,'498','71','Losartan','2024-11-14'),(219,'412','10','Omeprazole','2024-04-14'),(220,'103','23','Ibuprofen','2025-01-01'),(221,'406','16','Lisinopril','2024-01-20'),(222,'376','86','Paracetamol','2023-11-17'),(223,'379','13','Metformin','2024-04-18'),(224,'642','50','Amoxicillin','2024-08-18'),(225,'210','2','Aspirin','2024-09-09'),(226,'497','13','Ibuprofen','2023-08-03'),(227,'171','38','Ibuprofen','2023-12-08'),(228,'560','81','Losartan','2024-12-15'),(229,'506','14','Ibuprofen','2024-04-30'),(230,'444','61','Paracetamol','2025-02-16'),(231,'404','22','Omeprazole','2024-08-22'),(232,'657','83','Lisinopril','2024-10-23'),(233,'340','60','Losartan','2025-03-03'),(234,'479','27','Losartan','2024-02-12'),(235,'481','81','Losartan','2023-12-20'),(236,'646','75','Omeprazole','2025-02-21'),(237,'163','74','Losartan','2023-06-11'),(238,'530','87','Amoxicillin','2025-01-24'),(239,'439','95','Ibuprofen','2024-01-29'),(240,'539','4','Omeprazole','2023-11-03'),(241,'589','39','Amoxicillin','2024-06-10'),(242,'370','27','Amoxicillin','2024-07-04'),(243,'483','44','Amoxicillin','2024-10-08'),(244,'230','54','Ibuprofen','2023-10-31'),(245,'499','99','Ibuprofen','2024-04-27'),(246,'284','75','Losartan','2023-10-14'),(247,'609','70','Atorvastatin','2024-03-08'),(248,'107','35','Paracetamol','2023-08-02'),(249,'303','3','Atorvastatin','2023-04-07'),(250,'239','44','Losartan','2024-12-21'),(251,'350','33','Amoxicillin','2025-01-28'),(252,'558','60','Aspirin','2023-04-28'),(253,'593','15','Omeprazole','2024-09-24'),(254,'427','94','Lisinopril','2023-11-24'),(255,'123','67','Atorvastatin','2023-08-03'),(256,'356','19','Ibuprofen','2024-12-03'),(257,'249','18','Lisinopril','2024-02-15'),(258,'115','26','Metformin','2023-10-10'),(259,'446','66','Simvastatin','2024-10-28'),(260,'499','99','Aspirin','2023-04-24'),(261,'289','37','Metformin','2024-07-04'),(262,'495','47','Paracetamol','2023-12-07'),(263,'396','34','Losartan','2023-12-11'),(264,'209','61','Ibuprofen','2024-01-18'),(265,'140','4','Atorvastatin','2023-08-04'),(266,'319','7','Amoxicillin','2023-12-23'),(267,'590','73','Paracetamol','2023-12-25'),(268,'547','26','Losartan','2024-06-01'),(269,'175','54','Simvastatin','2024-06-16'),(270,'590','73','Amoxicillin','2023-10-13'),(271,'569','3','Amoxicillin','2024-05-19'),(272,'563','2','Losartan','2024-06-24'),(273,'204','12','Paracetamol','2024-07-31'),(274,'540','19','Amoxicillin','2023-08-01'),(275,'217','95','Metformin','2024-04-07'),(276,'396','34','Lisinopril','2023-08-16'),(277,'643','71','Lisinopril','2024-11-10'),(278,'480','1','Losartan','2024-11-28'),(279,'227','49','Simvastatin','2024-04-16'),(280,'644','30','Atorvastatin','2025-01-20'),(281,'482','13','Simvastatin','2023-08-04'),(282,'312','35','Aspirin','2023-05-22'),(283,'556','76','Paracetamol','2023-07-11'),(284,'519','1','Simvastatin','2025-03-04'),(285,'421','68','Aspirin','2023-04-24'),(286,'254','36','Ibuprofen','2023-06-08'),(287,'217','95','Aspirin','2023-07-17'),(288,'233','43','Metformin','2023-10-10'),(289,'620','32','Amoxicillin','2024-12-14'),(290,'623','36','Amoxicillin','2024-12-28'),(291,'124','98','Amoxicillin','2023-11-30'),(292,'611','25','Simvastatin','2024-05-23'),(293,'406','16','Losartan','2024-07-13'),(294,'615','9','Metformin','2023-10-24'),(295,'697','73','Lisinopril','2023-08-27'),(296,'114','34','Amoxicillin','2024-10-27'),(297,'522','94','Amoxicillin','2023-04-29'),(298,'250','94','Ibuprofen','2023-12-07'),(299,'552','44','Ibuprofen','2024-12-19'),(300,'558','60','Simvastatin','2023-11-02'),(301,'170','73','Ibuprofen','2023-04-03'),(302,'269','86','Lisinopril','2024-11-08'),(303,'366','91','Losartan','2024-08-03'),(304,'699','53','Amoxicillin','2025-01-30'),(305,'279','62','Paracetamol','2023-05-17'),(306,'176','27','Metformin','2025-02-15'),(307,'617','40','Lisinopril','2023-09-12'),(308,'595','93','Simvastatin','2025-01-12'),(309,'695','69','Amoxicillin','2024-12-07'),(310,'184','77','Amoxicillin','2023-11-10'),(311,'250','94','Amoxicillin','2025-01-28'),(312,'699','53','Amoxicillin','2024-03-22'),(313,'527','55','Aspirin','2023-07-29'),(314,'432','80','Lisinopril','2023-12-06'),(315,'106','87','Losartan','2023-06-13'),(316,'117','58','Lisinopril','2024-05-25'),(317,'161','51','Paracetamol','2024-11-19'),(318,'356','19','Losartan','2023-08-23'),(319,'594','31','Omeprazole','2024-07-06'),(320,'303','3','Simvastatin','2023-07-13'),(321,'126','39','Simvastatin','2025-02-08'),(322,'115','26','Lisinopril','2023-09-23'),(323,'305','64','Metformin','2023-10-19'),(324,'265','17','Simvastatin','2023-12-25'),(325,'370','27','Metformin','2025-01-07'),(326,'509','12','Metformin','2023-05-25'),(327,'204','12','Aspirin','2023-09-27'),(328,'439','95','Amoxicillin','2023-04-20'),(329,'188','93','Ibuprofen','2024-06-23'),(330,'449','21','Ibuprofen','2023-07-03'),(331,'270','17','Omeprazole','2024-01-07'),(332,'585','32','Amoxicillin','2024-04-25'),(333,'240','99','Atorvastatin','2025-03-13'),(334,'673','77','Lisinopril','2023-05-30'),(335,'261','1','Paracetamol','2024-02-04'),(336,'327','5','Paracetamol','2024-04-22'),(337,'411','68','Lisinopril','2023-07-17'),(338,'190','31','Simvastatin','2023-04-14'),(339,'239','44','Aspirin','2024-11-12'),(340,'334','77','Paracetamol','2023-06-01'),(341,'137','24','Paracetamol','2024-12-14'),(342,'211','47','Metformin','2024-07-15'),(343,'120','71','Ibuprofen','2023-05-14'),(344,'324','8','Ibuprofen','2024-04-11'),(345,'122','74','Simvastatin','2023-12-29'),(346,'526','56','Paracetamol','2023-09-16'),(347,'615','9','Simvastatin','2024-12-01'),(348,'427','94','Aspirin','2023-07-22'),(349,'424','79','Atorvastatin','2024-07-14'),(350,'596','91','Metformin','2024-01-13'),(351,'150','34','Paracetamol','2023-11-12'),(352,'224','96','Aspirin','2023-09-14'),(353,'551','20','Omeprazole','2023-10-29'),(354,'425','99','Omeprazole','2024-11-30'),(355,'174','90','Ibuprofen','2023-06-18'),(356,'221','98','Losartan','2023-12-09'),(357,'159','12','Ibuprofen','2023-06-19'),(358,'465','5','Metformin','2024-04-14'),(359,'517','60','Aspirin','2023-12-05'),(360,'105','14','Aspirin','2023-04-11'),(361,'605','24','Amoxicillin','2023-06-03'),(362,'148','56','Metformin','2023-05-29'),(363,'490','80','Metformin','2023-07-03'),(364,'672','29','Metformin','2023-07-26'),(365,'559','11','Amoxicillin','2023-07-05'),(366,'344','6','Lisinopril','2024-12-18'),(367,'686','85','Simvastatin','2023-08-08'),(368,'192','65','Omeprazole','2024-04-22'),(369,'576','43','Lisinopril','2023-09-26'),(370,'136','66','Lisinopril','2024-02-06'),(371,'243','33','Amoxicillin','2024-07-05'),(372,'224','96','Losartan','2025-03-06'),(373,'581','28','Metformin','2023-10-13'),(374,'549','99','Losartan','2024-01-11'),(375,'169','55','Simvastatin','2023-12-12'),(376,'267','6','Simvastatin','2023-05-15'),(377,'292','19','Paracetamol','2024-10-13'),(378,'108','67','Aspirin','2024-02-11'),(379,'401','36','Amoxicillin','2023-10-12'),(380,'583','8','Atorvastatin','2023-05-25'),(381,'325','95','Amoxicillin','2024-04-15'),(382,'339','68','Ibuprofen','2023-11-10'),(383,'230','54','Metformin','2024-09-24'),(384,'356','19','Ibuprofen','2023-08-25'),(385,'483','44','Aspirin','2024-10-01'),(386,'403','17','Aspirin','2024-03-06'),(387,'321','55','Ibuprofen','2023-09-18'),(388,'584','87','Metformin','2024-11-30'),(389,'631','12','Lisinopril','2024-12-08'),(390,'648','48','Omeprazole','2024-08-26'),(391,'678','53','Simvastatin','2024-02-19'),(392,'497','13','Amoxicillin','2024-08-25'),(393,'656','45','Lisinopril','2024-10-08'),(394,'526','56','Simvastatin','2024-07-27'),(395,'670','100','Paracetamol','2024-09-02'),(396,'602','55','Ibuprofen','2024-10-15'),(397,'238','56','Omeprazole','2024-02-24'),(398,'318','19','Atorvastatin','2023-04-17'),(399,'384','94','Lisinopril','2023-08-04'),(400,'558','60','Atorvastatin','2023-11-26'),(401,'414','22','Atorvastatin','2024-08-12'),(402,'252','95','Metformin','2024-10-29'),(403,'604','66','Atorvastatin','2023-07-17'),(404,'325','95','Omeprazole','2023-11-05'),(405,'294','80','Lisinopril','2024-12-22'),(406,'584','87','Omeprazole','2023-07-14'),(407,'667','76','Lisinopril','2024-01-29'),(408,'697','73','Aspirin','2024-01-16'),(409,'571','92','Amoxicillin','2024-01-25'),(410,'363','73','Atorvastatin','2024-02-26'),(411,'638','78','Lisinopril','2024-09-30'),(412,'245','83','Aspirin','2023-06-02'),(413,'548','38','Omeprazole','2023-03-21'),(414,'431','4','Simvastatin','2023-04-09'),(415,'286','25','Ibuprofen','2024-08-11'),(416,'515','25','Atorvastatin','2023-06-12'),(417,'496','42','Metformin','2024-01-26'),(418,'634','44','Lisinopril','2023-04-14'),(419,'595','93','Losartan','2023-10-03'),(420,'563','2','Paracetamol','2024-09-04'),(421,'468','22','Omeprazole','2025-03-07'),(422,'359','62','Metformin','2024-08-17'),(423,'140','4','Amoxicillin','2024-06-18'),(424,'163','74','Atorvastatin','2023-10-14'),(425,'248','72','Lisinopril','2023-04-27'),(426,'235','43','Ibuprofen','2024-04-28'),(427,'391','61','Amoxicillin','2025-01-08'),(428,'351','8','Omeprazole','2023-05-31'),(429,'596','91','Omeprazole','2024-12-03'),(430,'651','16','Paracetamol','2023-08-08'),(431,'451','42','Losartan','2023-11-13'),(432,'548','38','Atorvastatin','2024-07-02'),(433,'232','65','Paracetamol','2023-09-27'),(434,'145','32','Lisinopril','2023-11-21'),(435,'697','73','Lisinopril','2024-12-05'),(436,'416','16','Amoxicillin','2023-07-29'),(437,'283','71','Aspirin','2024-08-06'),(438,'620','32','Aspirin','2025-01-05'),(439,'150','34','Losartan','2024-04-21'),(440,'330','84','Simvastatin','2024-01-08'),(441,'429','58','Paracetamol','2024-09-28'),(442,'407','50','Omeprazole','2023-07-18'),(443,'637','78','Paracetamol','2024-11-07'),(444,'448','67','Simvastatin','2024-06-16'),(445,'436','69','Paracetamol','2024-12-14'),(446,'553','92','Simvastatin','2024-03-31'),(447,'548','38','Lisinopril','2024-12-24'),(448,'145','32','Ibuprofen','2025-02-07'),(449,'451','42','Omeprazole','2023-09-12'),(450,'160','78','Omeprazole','2024-12-16'),(451,'498','71','Paracetamol','2023-08-31'),(452,'234','84','Metformin','2024-03-16'),(453,'109','71','Atorvastatin','2023-07-20'),(454,'553','92','Losartan','2024-07-26'),(455,'578','72','Omeprazole','2024-01-24'),(456,'231','67','Paracetamol','2024-10-02'),(457,'198','44','Omeprazole','2024-06-29'),(458,'625','46','Lisinopril','2024-08-27'),(459,'610','37','Ibuprofen','2023-10-17'),(460,'124','98','Amoxicillin','2023-12-18'),(461,'124','98','Omeprazole','2023-04-12'),(462,'543','11','Simvastatin','2024-03-26'),(463,'598','93','Amoxicillin','2024-02-18'),(464,'499','99','Amoxicillin','2023-11-29'),(465,'595','93','Paracetamol','2024-11-16'),(466,'511','51','Omeprazole','2023-04-29'),(467,'542','43','Amoxicillin','2024-04-20'),(468,'566','41','Lisinopril','2024-09-28'),(469,'566','41','Losartan','2024-03-18'),(470,'498','71','Lisinopril','2023-04-28'),(471,'649','12','Metformin','2023-04-10'),(472,'312','35','Ibuprofen','2023-04-08'),(473,'123','67','Metformin','2024-10-08'),(474,'462','64','Atorvastatin','2025-02-07'),(475,'602','55','Omeprazole','2024-10-19'),(476,'462','64','Simvastatin','2024-04-29'),(477,'646','75','Aspirin','2024-11-21'),(478,'207','67','Losartan','2024-09-26'),(479,'530','87','Ibuprofen','2023-04-29'),(480,'268','36','Simvastatin','2024-06-21'),(481,'621','78','Metformin','2023-06-15'),(482,'681','30','Simvastatin','2023-04-19'),(483,'582','18','Aspirin','2025-03-03'),(484,'141','100','Losartan','2024-06-13'),(485,'334','77','Paracetamol','2024-07-27'),(486,'319','7','Atorvastatin','2024-12-21'),(487,'310','84','Omeprazole','2024-08-12'),(488,'280','41','Paracetamol','2023-10-25'),(489,'318','19','Omeprazole','2023-09-11'),(490,'190','31','Paracetamol','2024-01-30'),(491,'203','1','Atorvastatin','2023-06-01'),(492,'155','67','Ibuprofen','2023-09-05'),(493,'164','59','Metformin','2023-07-27'),(494,'554','91','Ibuprofen','2023-04-27'),(495,'220','62','Simvastatin','2023-10-06'),(496,'412','10','Metformin','2024-08-19'),(497,'182','41','Losartan','2024-02-21'),(498,'308','21','Atorvastatin','2025-02-25'),(499,'648','48','Losartan','2023-05-01'),(500,'615','9','Amoxicillin','2023-09-17');
/*!40000 ALTER TABLE `prescriptions` ENABLE KEYS */;
UNLOCK TABLES;
/*!40103 SET TIME_ZONE=@OLD_TIME_ZONE */;

/*!40101 SET SQL_MODE=@OLD_SQL_MODE */;
/*!40014 SET FOREIGN_KEY_CHECKS=@OLD_FOREIGN_KEY_CHECKS */;
/*!40014 SET UNIQUE_CHECKS=@OLD_UNIQUE_CHECKS */;
/*!40101 SET CHARACTER_SET_CLIENT=@OLD_CHARACTER_SET_CLIENT */;
/*!40101 SET CHARACTER_SET_RESULTS=@OLD_CHARACTER_SET_RESULTS */;
/*!40101 SET COLLATION_CONNECTION=@OLD_COLLATION_CONNECTION */;
/*!40111 SET SQL_NOTES=@OLD_SQL_NOTES */;

-- Dump completed on 2026-06-14 19:31:37
